"entity_id","entity_text","entity_type","subtype","aliases","abbreviations","country_region","description","source","confidence","notes","ontology_status","origin","verification_status"
"NER-0001","Indian Army","MIL_ORG","SERVICE","Bharatiya Thal Sena","IA","IN","Land service of Indian Armed Forces","Wikipedia;Indian Army website","high","Abbrev IA is ambiguous (Indian Airlines; Iowa)","EXISTING","02_ENTITIES","UNVERIFIED"
"NER-0002","Indian Navy","MIL_ORG","SERVICE","Bharatiya Nau Sena","IN","IN","Naval service of Indian Armed Forces","Wikipedia;Indian Navy website","high","Abbrev IN collides with country code and common word","EXISTING","NEW","UNVERIFIED"
"NER-0003","Indian Air Force","MIL_ORG","SERVICE","Bharatiya Vayu Sena","IAF","IN","Air service of Indian Armed Forces","Wikipedia;Indian Air Force website","high","IAF also = Israeli Air Force (see 02 ambiguity list) - resolve by country context","EXISTING","02_ENTITIES","UNVERIFIED"
"NER-0004","Indian Armed Forces","MIL_ORG","SERVICE","Indian military","","IN","Collective term for Army Navy Air Force","Wikipedia;Ministry of Defence India","high","","EXISTING","NEW","UNVERIFIED"
"NER-0005","Indian Coast Guard","MIL_ORG","SERVICE","","ICG","IN","Maritime armed force under MoD","Wikipedia;Ministry of Defence India","high","Could also be GOV_ORG PARAMILITARY - ontology decision needed","EXISTING","NEW","UNVERIFIED"
"NER-0006","Integrated Defence Staff","MIL_ORG","AGENCY","HQ IDS","IDS","IN","Tri-service staff under CDS","Wikipedia;Ministry of Defence India","high","","EXISTING","NEW","UNVERIFIED"
"NER-0007","Strategic Forces Command","MIL_ORG","COMMAND","","SFC","IN","Tri-service command managing nuclear forces","Wikipedia;Ministry of Defence India","high","","EXISTING","02_ENTITIES","UNVERIFIED"
"NER-0008","Andaman and Nicobar Command","MIL_ORG","COMMAND","","ANC","IN","Tri-service theatre command in Andaman and Nicobar Islands","Wikipedia;Ministry of Defence India","high","","EXISTING","NEW","UNVERIFIED"
"NER-0009","Northern Command (Indian Army)","MIL_ORG","COMMAND","Northern Command","","IN","Army command HQ Udhampur covering J&K and Ladakh","Wikipedia;Indian Army website","high","Surface form Northern Command also = US NORTHCOM and Indian Navy-style names - add country attribute","EXISTING","02_ENTITIES","UNVERIFIED"
"NER-0010","Western Command (Indian Army)","MIL_ORG","COMMAND","Western Command","","IN","Army command HQ Chandimandir","Wikipedia;Indian Army website","high","Same surface form as Indian Air Force Western Air Command - disambiguate by service","EXISTING","NEW","UNVERIFIED"
"NER-0011","Eastern Command (Indian Army)","MIL_ORG","COMMAND","Eastern Command","","IN","Army command HQ Kolkata","Wikipedia;Indian Army website","high","","EXISTING","NEW","UNVERIFIED"
"NER-0012","Southern Command (Indian Army)","MIL_ORG","COMMAND","Southern Command","","IN","Army command HQ Pune","Wikipedia;Indian Army website","high","Also US SOUTHCOM surface form","EXISTING","NEW","UNVERIFIED"
"NER-0013","South Western Command","MIL_ORG","COMMAND","","","IN","Army command HQ Jaipur","Wikipedia;Indian Army website","high","","EXISTING","NEW","UNVERIFIED"
"NER-0014","Central Command (Indian Army)","MIL_ORG","COMMAND","Central Command","","IN","Army command HQ Lucknow","Wikipedia;Indian Army website","high","Also US CENTCOM surface form","EXISTING","NEW","UNVERIFIED"
"NER-0015","Army Training Command","MIL_ORG","COMMAND","","ARTRAC","IN","Army training and doctrine command Shimla","Wikipedia;Indian Army website","medium","","EXISTING","NEW","UNVERIFIED"
"NER-0016","Western Naval Command","MIL_ORG","COMMAND","","","IN","Naval command HQ Mumbai","Wikipedia;Indian Navy website","high","","EXISTING","NEW","UNVERIFIED"
"NER-0017","Eastern Naval Command","MIL_ORG","COMMAND","","","IN","Naval command HQ Visakhapatnam","Wikipedia;Indian Navy website","high","","EXISTING","NEW","UNVERIFIED"
"NER-0018","Southern Naval Command","MIL_ORG","COMMAND","","","IN","Naval command HQ Kochi (training)","Wikipedia;Indian Navy website","high","","EXISTING","NEW","UNVERIFIED"
"NER-0019","Western Air Command","MIL_ORG","COMMAND","","WAC","IN","IAF command HQ New Delhi","Wikipedia;Indian Air Force website","high","","EXISTING","NEW","UNVERIFIED"
"NER-0020","Eastern Air Command","MIL_ORG","COMMAND","","EAC","IN","IAF command HQ Shillong","Wikipedia;Indian Air Force website","high","","EXISTING","NEW","UNVERIFIED"
"NER-0021","Central Air Command","MIL_ORG","COMMAND","","CAC","IN","IAF command HQ Prayagraj","Wikipedia;Indian Air Force website","high","","EXISTING","NEW","UNVERIFIED"
"NER-0022","South Western Air Command","MIL_ORG","COMMAND","","SWAC","IN","IAF command HQ Gandhinagar","Wikipedia;Indian Air Force website","high","","EXISTING","NEW","UNVERIFIED"
"NER-0023","Southern Air Command","MIL_ORG","COMMAND","","SAC","IN","IAF command HQ Thiruvananthapuram","Wikipedia;Indian Air Force website","high","","EXISTING","NEW","UNVERIFIED"
"NER-0024","Defence Space Agency","MIL_ORG","AGENCY","","DSA","IN","Tri-service space agency","Wikipedia;Ministry of Defence India","medium","","EXISTING","NEW","UNVERIFIED"
"NER-0025","Defence Cyber Agency","MIL_ORG","AGENCY","","DCyA","IN","Tri-service cyber agency","Wikipedia;Ministry of Defence India","medium","","EXISTING","NEW","UNVERIFIED"
"NER-0026","Armed Forces Special Operations Division","MIL_ORG","AGENCY","","AFSOD","IN","Tri-service special operations division","Wikipedia;Ministry of Defence India","medium","","EXISTING","NEW","UNVERIFIED"
"NER-0027","Defence Intelligence Agency (India)","MIL_ORG","AGENCY","DIA","DIA","IN","Tri-service military intelligence agency","Wikipedia;Ministry of Defence India","medium","Abbrev DIA collides with US Defense Intelligence Agency","EXISTING","NEW","UNVERIFIED"
"NER-0028","Territorial Army (India)","MIL_ORG","SERVICE","Territorial Army","TA","IN","Volunteer reserve of Indian Army","Wikipedia;Indian Army website","high","TA abbreviation highly ambiguous","EXISTING","NEW","UNVERIFIED"
"NER-0029","Pakistan Army","MIL_ORG","SERVICE","","PA","PK","Land service of Pakistan Armed Forces","Wikipedia;ISPR Pakistan","high","","EXISTING","NEW","UNVERIFIED"
"NER-0030","Pakistan Navy","MIL_ORG","SERVICE","","PN","PK","Naval service of Pakistan","Wikipedia;Pakistan Navy website;Pakistan Air Force website","high","","EXISTING","NEW","UNVERIFIED"
"NER-0031","Pakistan Air Force","MIL_ORG","SERVICE","","PAF","PK","Air service of Pakistan","Wikipedia;Pakistan Navy website;Pakistan Air Force website","high","","EXISTING","NEW","UNVERIFIED"
"NER-0032","Pakistan Armed Forces","MIL_ORG","SERVICE","Pakistan military","","PK","Collective term","Wikipedia;ISPR Pakistan","high","","EXISTING","NEW","UNVERIFIED"
"NER-0033","Inter-Services Public Relations","MIL_ORG","AGENCY","","ISPR","PK","Media wing of Pakistan Armed Forces","Wikipedia;ISPR Pakistan","high","ISPR also = Bangladesh Inter-Services Public Relations Directorate - add country","EXISTING","02_ENTITIES","UNVERIFIED"
"NER-0034","Strategic Plans Division","MIL_ORG","AGENCY","","SPD","PK","Secretariat of National Command Authority","Wikipedia;Nuclear Notebook","high","","EXISTING","NEW","UNVERIFIED"
"NER-0035","Army Strategic Forces Command","MIL_ORG","COMMAND","","ASFC","PK","Pakistan Army nuclear missile command","Wikipedia;Nuclear Notebook","high","","EXISTING","NEW","UNVERIFIED"
"NER-0036","Joint Chiefs of Staff Committee","MIL_ORG","AGENCY","","JCSC","PK","Pakistan tri-service coordination body","Wikipedia;ISPR Pakistan","medium","Role CJCSC appears in news; body may be restructured after 2025 constitutional changes - verify","EXISTING","NEW","UNVERIFIED"
"NER-0037","Army Rocket Force Command","MIL_ORG","COMMAND","","ARFC","PK","Announced Pakistan Army missile command","Wikipedia;ISPR Pakistan","low","Recent announcement - verify existence and name","EXISTING","NEW","UNVERIFIED"
"NER-0038","Pakistan Marines","MIL_ORG","SERVICE","","","PK","Marine corps of Pakistan Navy","Wikipedia;Pakistan Navy website;Pakistan Air Force website","medium","","EXISTING","NEW","UNVERIFIED"
"NER-0039","People's Liberation Army","MIL_ORG","SERVICE","PLA;Chinese military","PLA","CN","Armed forces of PRC under CMC","Wikipedia;MND PRC;DoD China Military Power Report","high","PLA also = People's Liberation Army (Manipur) NSAG - disambiguate","EXISTING","NEW","UNVERIFIED"
"NER-0040","PLA Ground Force","MIL_ORG","SERVICE","PLAGF;PLA Army","PLAGF","CN","Land component of PLA","Wikipedia;DoD China Military Power Report","high","","EXISTING","NEW","UNVERIFIED"
"NER-0041","PLA Navy","MIL_ORG","SERVICE","PLAN;People's Liberation Army Navy","PLAN","CN","Naval component of PLA","Wikipedia;DoD China Military Power Report","high","","EXISTING","NEW","UNVERIFIED"
"NER-0042","PLA Air Force","MIL_ORG","SERVICE","PLAAF;People's Liberation Army Air Force","PLAAF","CN","Air component of PLA","Wikipedia;DoD China Military Power Report","high","","EXISTING","NEW","UNVERIFIED"
"NER-0043","PLA Rocket Force","MIL_ORG","SERVICE","PLARF;PLA Second Artillery Force (former)","PLARF","CN","Strategic and conventional missile force","Wikipedia;DoD China Military Power Report;CASI","high","","EXISTING","02_ENTITIES","UNVERIFIED"
"NER-0044","PLA Aerospace Force","MIL_ORG","SERVICE","","","CN","Space-focused force created Apr 2024 from SSF restructuring","Wikipedia;DoD China Military Power Report","medium","Restructuring details should be verified against primary sources","EXISTING","NEW","UNVERIFIED"
"NER-0045","PLA Cyberspace Force","MIL_ORG","SERVICE","","","CN","Cyber force created Apr 2024 from SSF restructuring","Wikipedia;DoD China Military Power Report","medium","Verify","EXISTING","NEW","UNVERIFIED"
"NER-0046","PLA Information Support Force","MIL_ORG","SERVICE","","","CN","Network information support force created Apr 2024","Wikipedia;DoD China Military Power Report","medium","Verify","EXISTING","NEW","UNVERIFIED"
"NER-0047","PLA Strategic Support Force","MIL_ORG","SERVICE","SSF","PLASSF","CN","Space cyber EW force (2015-2024) - dissolved/replaced","Wikipedia;DoD China Military Power Report;CASI","medium","Historical - set valid_to 2024","EXISTING","NEW","UNVERIFIED"
"NER-0048","PLA Joint Logistic Support Force","MIL_ORG","SERVICE","","JLSF","CN","Joint logistics force","Wikipedia;DoD China Military Power Report","medium","","EXISTING","NEW","UNVERIFIED"
"NER-0049","Central Military Commission","MIL_ORG","AGENCY","","CMC","CN","Supreme military leadership body of PLA","Wikipedia;MND PRC","high","CMC abbreviation ambiguous (Christian Medical College etc.)","EXISTING","NEW","UNVERIFIED"
"NER-0050","Joint Staff Department","MIL_ORG","AGENCY","","JSD","CN","CMC staff organ for operations","Wikipedia;DoD China Military Power Report","medium","Generic name - also other countries","EXISTING","NEW","UNVERIFIED"
"NER-0051","Equipment Development Department","MIL_ORG","AGENCY","","EDD","CN","CMC organ for equipment acquisition","Wikipedia;DoD China Military Power Report","medium","","EXISTING","NEW","UNVERIFIED"
"NER-0052","Eastern Theater Command","MIL_ORG","THEATRE","","ETC","CN","PLA theatre command facing Taiwan Strait and East China Sea","Wikipedia;DoD China Military Power Report","high","","EXISTING","NEW","UNVERIFIED"
"NER-0053","Southern Theater Command","MIL_ORG","THEATRE","","STC","CN","PLA theatre command covering South China Sea","Wikipedia;DoD China Military Power Report","high","","EXISTING","NEW","UNVERIFIED"
"NER-0054","Western Theater Command","MIL_ORG","THEATRE","","WTC","CN","PLA theatre command covering India border and Tibet-Xinjiang","Wikipedia;DoD China Military Power Report","high","Do not confuse with Western Command (Indian Army)","EXISTING","02_ENTITIES","UNVERIFIED"
"NER-0055","Northern Theater Command","MIL_ORG","THEATRE","","NTC","CN","PLA theatre command covering Korea and Russia border","Wikipedia;DoD China Military Power Report","high","","EXISTING","NEW","UNVERIFIED"
"NER-0056","Central Theater Command","MIL_ORG","THEATRE","","CTC","CN","PLA theatre command covering Beijing region","Wikipedia;DoD China Military Power Report","high","","EXISTING","NEW","UNVERIFIED"
"NER-0057","People's Armed Police","MIL_ORG","AGENCY","","PAP","CN","Paramilitary force under CMC","Wikipedia;DoD China Military Power Report","high","Could be GOV_ORG PARAMILITARY - ontology decision","EXISTING","NEW","UNVERIFIED"
"NER-0058","China Coast Guard","MIL_ORG","AGENCY","CCG","CCG","CN","Maritime law enforcement force under PAP/CMC","Wikipedia;DoD China Military Power Report","high","Could be GOV_ORG PARAMILITARY","EXISTING","NEW","UNVERIFIED"
"NER-0059","PLA Navy Marine Corps","MIL_ORG","SERVICE","","PLANMC","CN","Marine component of PLAN","Wikipedia;DoD China Military Power Report","medium","","EXISTING","NEW","UNVERIFIED"
"NER-0060","Xinjiang Military District","MIL_ORG","COMMAND","","","CN","PLA military district in Xinjiang","Wikipedia;DoD China Military Power Report","medium","","EXISTING","NEW","UNVERIFIED"
"NER-0061","Tibet Military District","MIL_ORG","COMMAND","","","CN","PLA military district in Tibet","Wikipedia;DoD China Military Power Report","medium","","EXISTING","NEW","UNVERIFIED"
"NER-0062","Bangladesh Army","MIL_ORG","SERVICE","","","BD","Land service of Bangladesh","Wikipedia;ISPR Bangladesh","high","","EXISTING","NEW","UNVERIFIED"
"NER-0063","Bangladesh Navy","MIL_ORG","SERVICE","","BN","BD","Naval service of Bangladesh","Wikipedia;ISPR Bangladesh","high","","EXISTING","NEW","UNVERIFIED"
"NER-0064","Bangladesh Air Force","MIL_ORG","SERVICE","","BAF","BD","Air service of Bangladesh","Wikipedia;ISPR Bangladesh","high","","EXISTING","NEW","UNVERIFIED"
"NER-0065","Armed Forces Division (Bangladesh)","MIL_ORG","AGENCY","Armed Forces Division","AFD","BD","Principal staff organisation of Bangladesh forces","Wikipedia;Armed Forces Division Bangladesh","medium","","EXISTING","NEW","UNVERIFIED"
"NER-0066","Nepal Army","MIL_ORG","SERVICE","Nepali Army","","NP","Military of Nepal","Wikipedia;Nepal Army website","high","","EXISTING","NEW","UNVERIFIED"
"NER-0067","Sri Lanka Army","MIL_ORG","SERVICE","","SLA","LK","Land service of Sri Lanka","Wikipedia;Sri Lanka MoD","high","","EXISTING","NEW","UNVERIFIED"
"NER-0068","Sri Lanka Navy","MIL_ORG","SERVICE","","SLN","LK","Naval service of Sri Lanka","Wikipedia;Sri Lanka MoD","high","","EXISTING","NEW","UNVERIFIED"
"NER-0069","Sri Lanka Air Force","MIL_ORG","SERVICE","","SLAF","LK","Air service of Sri Lanka","Wikipedia;Sri Lanka MoD","high","","EXISTING","NEW","UNVERIFIED"
"NER-0070","Royal Bhutan Army","MIL_ORG","SERVICE","","RBA","BT","Army of Bhutan","Wikipedia","medium","","EXISTING","NEW","UNVERIFIED"
"NER-0071","Maldives National Defence Force","MIL_ORG","SERVICE","","MNDF","MV","Armed forces of Maldives","Wikipedia","medium","","EXISTING","NEW","UNVERIFIED"
"NER-0072","Tatmadaw","MIL_ORG","SERVICE","Myanmar Armed Forces","","MM","Armed forces of Myanmar","Wikipedia;ACLED","high","","EXISTING","NEW","UNVERIFIED"
"NER-0073","United States Army","MIL_ORG","SERVICE","US Army","USA","US","US land service","Wikipedia;CIA World Factbook","high","USA abbreviation collides with country","EXISTING","NEW","UNVERIFIED"
"NER-0074","United States Navy","MIL_ORG","SERVICE","US Navy","USN","US","US naval service","Wikipedia;CIA World Factbook","high","","EXISTING","NEW","UNVERIFIED"
"NER-0075","United States Air Force","MIL_ORG","SERVICE","US Air Force","USAF","US","US air service","Wikipedia;CIA World Factbook","high","","EXISTING","NEW","UNVERIFIED"
"NER-0076","United States Marine Corps","MIL_ORG","SERVICE","US Marines","USMC","US","US marine service","Wikipedia;CIA World Factbook","high","","EXISTING","NEW","UNVERIFIED"
"NER-0077","United States Space Force","MIL_ORG","SERVICE","","USSF","US","US space service","Wikipedia;CIA World Factbook","high","","EXISTING","NEW","UNVERIFIED"
"NER-0078","United States Coast Guard","MIL_ORG","SERVICE","","USCG","US","US maritime service","Wikipedia;CIA World Factbook","high","","EXISTING","NEW","UNVERIFIED"
"NER-0079","United States Special Operations Command","MIL_ORG","COMMAND","","USSOCOM","US","Unified command for special operations","Wikipedia","high","","EXISTING","NEW","UNVERIFIED"
"NER-0080","United States Indo-Pacific Command","MIL_ORG","COMMAND","","INDOPACOM","US","Unified combatant command for Indo-Pacific","Wikipedia","high","","EXISTING","NEW","UNVERIFIED"
"NER-0081","United States Central Command","MIL_ORG","COMMAND","","CENTCOM","US","Unified combatant command for Middle East and Central Asia","Wikipedia","high","","EXISTING","NEW","UNVERIFIED"
"NER-0082","United States European Command","MIL_ORG","COMMAND","","EUCOM","US","Unified combatant command for Europe","Wikipedia","high","","EXISTING","NEW","UNVERIFIED"
"NER-0083","United States Northern Command","MIL_ORG","COMMAND","","NORTHCOM","US","Unified combatant command for North America","Wikipedia","high","See Northern Command (Indian Army) - ambiguity per 02","EXISTING","02_ENTITIES","UNVERIFIED"
"NER-0084","United States Southern Command","MIL_ORG","COMMAND","","SOUTHCOM","US","Unified combatant command for Latin America","Wikipedia","high","","EXISTING","NEW","UNVERIFIED"
"NER-0085","United States Africa Command","MIL_ORG","COMMAND","","AFRICOM","US","Unified combatant command for Africa","Wikipedia","high","","EXISTING","NEW","UNVERIFIED"
"NER-0086","United States Strategic Command","MIL_ORG","COMMAND","","STRATCOM","US","Unified combatant command for nuclear and space","Wikipedia","high","","EXISTING","NEW","UNVERIFIED"
"NER-0087","United States Cyber Command","MIL_ORG","COMMAND","","USCYBERCOM;CYBERCOM","US","Unified combatant command for cyber","Wikipedia","high","","EXISTING","NEW","UNVERIFIED"
"NER-0088","North Atlantic Treaty Organization","MIL_ORG","ALLIANCE","NATO","NATO","Global","Political-military alliance","Wikipedia;NATO website","high","Subtype ALLIANCE is PROPOSED - see gaps file","PROPOSED_SUBTYPE","NEW","UNVERIFIED"
"NER-0089","Russian Armed Forces","MIL_ORG","SERVICE","","","RU","Military of Russia","Wikipedia;Russian MoD","high","","EXISTING","NEW","UNVERIFIED"
"NER-0090","Russian Ground Forces","MIL_ORG","SERVICE","","","RU","Russian land service","Wikipedia;Russian MoD","high","","EXISTING","NEW","UNVERIFIED"
"NER-0091","Russian Aerospace Forces","MIL_ORG","SERVICE","","VKS","RU","Russian air and space service","Wikipedia;Russian MoD","high","","EXISTING","NEW","UNVERIFIED"
"NER-0092","Russian Navy","MIL_ORG","SERVICE","","VMF","RU","Russian naval service","Wikipedia;Russian MoD","high","","EXISTING","NEW","UNVERIFIED"
"NER-0093","Strategic Rocket Forces","MIL_ORG","SERVICE","Strategic Missile Forces","RVSN","RU","Russian ICBM force","Wikipedia;Nuclear Notebook","high","","EXISTING","NEW","UNVERIFIED"
"NER-0094","Russian Airborne Forces","MIL_ORG","SERVICE","","VDV","RU","Russian airborne troops","Wikipedia;Russian MoD","high","","EXISTING","NEW","UNVERIFIED"
"NER-0095","British Armed Forces","MIL_ORG","SERVICE","","","GB","Military of the United Kingdom","Wikipedia;UK MoD","high","","EXISTING","NEW","UNVERIFIED"
"NER-0096","British Army","MIL_ORG","SERVICE","","","GB","UK land service","Wikipedia;UK MoD","high","","EXISTING","NEW","UNVERIFIED"
"NER-0097","Royal Navy","MIL_ORG","SERVICE","","RN","GB","UK naval service","Wikipedia;UK MoD","high","","EXISTING","NEW","UNVERIFIED"
"NER-0098","Royal Air Force","MIL_ORG","SERVICE","","RAF","GB","UK air service","Wikipedia;UK MoD","high","","EXISTING","NEW","UNVERIFIED"
"NER-0099","French Armed Forces","MIL_ORG","SERVICE","","","FR","Military of France","Wikipedia","high","","EXISTING","NEW","UNVERIFIED"
"NER-0100","Bundeswehr","MIL_ORG","SERVICE","German Armed Forces","","DE","Military of Germany","Wikipedia","high","","EXISTING","NEW","UNVERIFIED"
"NER-0101","Israel Defense Forces","MIL_ORG","SERVICE","","IDF","IL","Military of Israel","Wikipedia","high","IDF abbreviation unambiguous in defence context","EXISTING","NEW","UNVERIFIED"
"NER-0102","Islamic Revolutionary Guard Corps","MIL_ORG","SERVICE","Revolutionary Guards;Pasdaran","IRGC","IR","Iranian ideological military branch","Wikipedia;UN 1267 Sanctions List;US State Department FTO list","high","Designated as FTO by US (2019) - source dependent","EXISTING","NEW","UNVERIFIED"
"NER-0103","IRGC Quds Force","MIL_ORG","COMMAND","Quds Force","IRGC-QF","IR","IRGC external operations arm","Wikipedia","high","","EXISTING","NEW","UNVERIFIED"
"NER-0104","Artesh","MIL_ORG","SERVICE","Islamic Republic of Iran Army","","IR","Iran regular army","Wikipedia","medium","","EXISTING","NEW","UNVERIFIED"
"NER-0105","Turkish Armed Forces","MIL_ORG","SERVICE","","TSK","TR","Military of Turkey","Wikipedia","high","","EXISTING","NEW","UNVERIFIED"
"NER-0106","Japan Self-Defense Forces","MIL_ORG","SERVICE","","JSDF","JP","Military of Japan","Wikipedia;Japan MoD","high","","EXISTING","NEW","UNVERIFIED"
"NER-0107","Republic of Korea Armed Forces","MIL_ORG","SERVICE","South Korean military","ROKAF","KR","Military of South Korea","Wikipedia","medium","ROKAF is Air Force specifically - do not alias","EXISTING","NEW","UNVERIFIED"
"NER-0108","Korean People's Army","MIL_ORG","SERVICE","","KPA","KP","Military of North Korea","Wikipedia","high","","EXISTING","NEW","UNVERIFIED"
"NER-0109","Australian Defence Force","MIL_ORG","SERVICE","","ADF","AU","Military of Australia","Wikipedia","high","","EXISTING","NEW","UNVERIFIED"
"NER-0110","Armed Forces of Ukraine","MIL_ORG","SERVICE","","AFU;ZSU","UA","Military of Ukraine","Wikipedia","high","","EXISTING","NEW","UNVERIFIED"
"NER-0111","Republic of China Armed Forces","MIL_ORG","SERVICE","Taiwan military","ROC Armed Forces","TW","Military of Taiwan","Wikipedia;Taiwan MND","high","","EXISTING","NEW","UNVERIFIED"
"NER-0112","14 Corps","MIL_UNIT","CORPS","XIV Corps;Fire and Fury Corps","","IN","Army corps in Leh Ladakh under Northern Command","Wikipedia;Indian Army website","high","Indian Army uses both Arabic and Roman numerals - keep surface form","EXISTING","02_ENTITIES","UNVERIFIED"
"NER-0113","15 Corps","MIL_UNIT","CORPS","XV Corps;Chinar Corps","","IN","Army corps in Srinagar","Wikipedia;Indian Army website","high","","EXISTING","NEW","UNVERIFIED"
"NER-0114","16 Corps","MIL_UNIT","CORPS","XVI Corps;White Knight Corps","","IN","Army corps in Nagrota","Wikipedia;Indian Army website","high","","EXISTING","NEW","UNVERIFIED"
"NER-0115","33 Corps","MIL_UNIT","CORPS","XXXIII Corps;Trishakti Corps","","IN","Army corps in Sukna Eastern Command","Wikipedia;Indian Army website","high","","EXISTING","NEW","UNVERIFIED"
"NER-0116","4 Corps","MIL_UNIT","CORPS","IV Corps;Gajraj Corps","","IN","Army corps in Tezpur","Wikipedia;Indian Army website","high","","EXISTING","NEW","UNVERIFIED"
"NER-0117","3 Corps","MIL_UNIT","CORPS","III Corps;Spear Corps","","IN","Army corps in Dimapur","Wikipedia;Indian Army website","high","Also US III Corps","EXISTING","NEW","UNVERIFIED"
"NER-0118","1 Corps","MIL_UNIT","CORPS","I Corps","","IN","Indian strike corps Mathura","Wikipedia;Indian Army website","high","Surface 1 Corps vs I Corps - Indian vs US/Pakistan per 02 rule 104","EXISTING","02_ENTITIES","UNVERIFIED"
"NER-0119","2 Corps","MIL_UNIT","CORPS","II Corps","","IN","Indian strike corps Ambala","Wikipedia;Indian Army website","high","","EXISTING","NEW","UNVERIFIED"
"NER-0120","9 Corps","MIL_UNIT","CORPS","IX Corps","","IN","Indian strike corps Yol","Wikipedia;Indian Army website","high","","EXISTING","NEW","UNVERIFIED"
"NER-0121","10 Corps","MIL_UNIT","CORPS","X Corps","","IN","Indian strike corps Bathinda","Wikipedia;Indian Army website","high","Pakistan also has X Corps (Rawalpindi)","EXISTING","NEW","UNVERIFIED"
"NER-0122","11 Corps","MIL_UNIT","CORPS","XI Corps","","IN","Indian corps Jalandhar","Wikipedia;Indian Army website","high","Pakistan also has XI Corps (Peshawar)","EXISTING","NEW","UNVERIFIED"
"NER-0123","17 Corps","MIL_UNIT","CORPS","XVII Corps","","IN","Mountain strike corps","Wikipedia;Indian Army website","high","","EXISTING","NEW","UNVERIFIED"
"NER-0124","21 Corps","MIL_UNIT","CORPS","XXI Corps","","IN","Indian strike corps Bhopal","Wikipedia;Indian Army website","medium","","EXISTING","NEW","UNVERIFIED"
"NER-0125","3 Infantry Division","MIL_UNIT","DIVISION","Trishul Division","","IN","Infantry division in Ladakh","Wikipedia;Indian Army website","medium","","EXISTING","02_ENTITIES","UNVERIFIED"
"NER-0126","Rajputana Rifles","MIL_UNIT","REGIMENT","","RAJ RIF","IN","Indian Army infantry regiment","Wikipedia;Indian Army website","high","","EXISTING","02_ENTITIES","UNVERIFIED"
"NER-0127","Parachute Regiment","MIL_UNIT","REGIMENT","Para SF","","IN","Airborne and special forces regiment","Wikipedia;Indian Army website","high","","EXISTING","NEW","UNVERIFIED"
"NER-0128","Gorkha Rifles","MIL_UNIT","REGIMENT","Gorkha Regiment","GR","IN","Indian Army regiments recruited from Nepal and India","Wikipedia;Indian Army website","high","","EXISTING","NEW","UNVERIFIED"
"NER-0129","Sikh Regiment","MIL_UNIT","REGIMENT","","","IN","Indian Army infantry regiment","Wikipedia;Indian Army website","high","","EXISTING","NEW","UNVERIFIED"
"NER-0130","Maratha Light Infantry","MIL_UNIT","REGIMENT","","MLI","IN","Indian Army infantry regiment","Wikipedia;Indian Army website","high","","EXISTING","NEW","UNVERIFIED"
"NER-0131","Dogra Regiment","MIL_UNIT","REGIMENT","","","IN","Indian Army infantry regiment","Wikipedia;Indian Army website","high","","EXISTING","NEW","UNVERIFIED"
"NER-0132","Jat Regiment","MIL_UNIT","REGIMENT","","","IN","Indian Army infantry regiment","Wikipedia;Indian Army website","high","","EXISTING","NEW","UNVERIFIED"
"NER-0133","Punjab Regiment (India)","MIL_UNIT","REGIMENT","Punjab Regiment","","IN","Indian Army infantry regiment","Wikipedia;Indian Army website","high","Pakistan Army also has Punjab Regiment","EXISTING","NEW","UNVERIFIED"
"NER-0134","Garhwal Rifles","MIL_UNIT","REGIMENT","","","IN","Indian Army infantry regiment","Wikipedia;Indian Army website","high","","EXISTING","NEW","UNVERIFIED"
"NER-0135","Kumaon Regiment","MIL_UNIT","REGIMENT","","","IN","Indian Army infantry regiment","Wikipedia;Indian Army website","high","","EXISTING","NEW","UNVERIFIED"
"NER-0136","Ladakh Scouts","MIL_UNIT","REGIMENT","","","IN","Indian Army infantry regiment for high altitude","Wikipedia;Indian Army website","high","","EXISTING","NEW","UNVERIFIED"
"NER-0137","Rashtriya Rifles","MIL_UNIT","REGIMENT","","RR","IN","Counter-insurgency force of Indian Army","Wikipedia;Indian Army website","high","","EXISTING","NEW","UNVERIFIED"
"NER-0138","Marine Commandos","MIL_UNIT","REGIMENT","MARCOS","MARCOS","IN","Indian Navy special forces","Wikipedia;Indian Navy website","high","","EXISTING","NEW","UNVERIFIED"
"NER-0139","Garud Commando Force","MIL_UNIT","REGIMENT","Garud","","IN","IAF special forces","Wikipedia;Indian Air Force website","high","Garud ambiguity - mythic bird and Garuda Indonesia and exercise (per 02)","EXISTING","NEW","UNVERIFIED"
"NER-0140","17 Squadron","MIL_UNIT","SQUADRON","Golden Arrows","","IN","IAF Rafale squadron at Ambala","Wikipedia;Indian Air Force website","high","","EXISTING","02_ENTITIES","UNVERIFIED"
"NER-0141","18 Squadron","MIL_UNIT","SQUADRON","Flying Bullets","","IN","IAF Tejas squadron","Wikipedia;Indian Air Force website","medium","","EXISTING","NEW","UNVERIFIED"
"NER-0142","45 Squadron","MIL_UNIT","SQUADRON","Flying Daggers","","IN","IAF first Tejas squadron","Wikipedia;Indian Air Force website","medium","","EXISTING","NEW","UNVERIFIED"
"NER-0143","101 Squadron","MIL_UNIT","SQUADRON","Falcons","","IN","IAF Rafale squadron at Hasimara","Wikipedia;Indian Air Force website","medium","","EXISTING","NEW","UNVERIFIED"
"NER-0144","1 Squadron","MIL_UNIT","SQUADRON","Tigers","","IN","IAF Mirage 2000 squadron","Wikipedia;Indian Air Force website","medium","Very generic surface - needs squadron/IAF cue","EXISTING","NEW","UNVERIFIED"
"NER-0145","Western Fleet","MIL_UNIT","FLEET","","","IN","Indian Navy fleet under Western Naval Command","Wikipedia;Indian Navy website","high","","EXISTING","02_ENTITIES","UNVERIFIED"
"NER-0146","Eastern Fleet","MIL_UNIT","FLEET","","","IN","Indian Navy fleet under Eastern Naval Command","Wikipedia;Indian Navy website","high","","EXISTING","NEW","UNVERIFIED"
"NER-0147","I Corps (Pakistan)","MIL_UNIT","CORPS","Mangla Corps;I Corps","","PK","Pakistan Army strike corps at Mangla","Wikipedia;ISPR Pakistan","medium","","EXISTING","NEW","UNVERIFIED"
"NER-0148","II Corps (Pakistan)","MIL_UNIT","CORPS","Multan Corps;II Corps","","PK","Pakistan Army strike corps at Multan","Wikipedia;ISPR Pakistan","medium","","EXISTING","NEW","UNVERIFIED"
"NER-0149","IV Corps (Pakistan)","MIL_UNIT","CORPS","Lahore Corps;IV Corps","","PK","Pakistan Army corps at Lahore","Wikipedia;ISPR Pakistan","medium","","EXISTING","NEW","UNVERIFIED"
"NER-0150","V Corps (Pakistan)","MIL_UNIT","CORPS","Karachi Corps;V Corps","","PK","Pakistan Army corps at Karachi","Wikipedia;ISPR Pakistan","medium","","EXISTING","NEW","UNVERIFIED"
"NER-0151","X Corps (Pakistan)","MIL_UNIT","CORPS","Rawalpindi Corps;X Corps","","PK","Pakistan Army corps at Rawalpindi covering LoC","Wikipedia;ISPR Pakistan","high","","EXISTING","02_ENTITIES","UNVERIFIED"
"NER-0152","XI Corps (Pakistan)","MIL_UNIT","CORPS","Peshawar Corps;XI Corps","","PK","Pakistan Army corps at Peshawar","Wikipedia;ISPR Pakistan","medium","","EXISTING","NEW","UNVERIFIED"
"NER-0153","XII Corps (Pakistan)","MIL_UNIT","CORPS","Quetta Corps;XII Corps","","PK","Pakistan Army corps at Quetta","Wikipedia;ISPR Pakistan","medium","","EXISTING","NEW","UNVERIFIED"
"NER-0154","XXX Corps (Pakistan)","MIL_UNIT","CORPS","Gujranwala Corps;XXX Corps","","PK","Pakistan Army corps at Gujranwala","Wikipedia;ISPR Pakistan","medium","","EXISTING","NEW","UNVERIFIED"
"NER-0155","XXXI Corps (Pakistan)","MIL_UNIT","CORPS","Bahawalpur Corps;XXXI Corps","","PK","Pakistan Army corps at Bahawalpur","Wikipedia;ISPR Pakistan","medium","","EXISTING","NEW","UNVERIFIED"
"NER-0156","Special Service Group","MIL_UNIT","REGIMENT","","SSG","PK","Pakistan Army special forces","Wikipedia;ISPR Pakistan","high","","EXISTING","NEW","UNVERIFIED"
"NER-0157","North Sea Fleet","MIL_UNIT","FLEET","","","CN","PLAN fleet under Northern Theater Command","Wikipedia;DoD China Military Power Report","high","","EXISTING","NEW","UNVERIFIED"
"NER-0158","East Sea Fleet","MIL_UNIT","FLEET","","","CN","PLAN fleet under Eastern Theater Command","Wikipedia;DoD China Military Power Report","high","","EXISTING","NEW","UNVERIFIED"
"NER-0159","South Sea Fleet","MIL_UNIT","FLEET","","","CN","PLAN fleet under Southern Theater Command","Wikipedia;DoD China Military Power Report","high","","EXISTING","NEW","UNVERIFIED"
"NER-0160","Ministry of Defence (India)","GOV_ORG","MINISTRY","Raksha Mantralaya;MoD India","MoD","IN","Indian defence ministry","Wikipedia;Ministry of Defence India","high","Abbrev MoD shared with UK and others - add country; metonym South Block","EXISTING","02_ENTITIES","UNVERIFIED"
"NER-0161","Ministry of External Affairs (India)","GOV_ORG","MINISTRY","","MEA","IN","Indian foreign ministry","Wikipedia;Ministry of External Affairs India","high","","EXISTING","NEW","UNVERIFIED"
"NER-0162","Ministry of Home Affairs (India)","GOV_ORG","MINISTRY","","MHA","IN","Indian home ministry overseeing CAPFs","Wikipedia;MHA India","high","","EXISTING","NEW","UNVERIFIED"
"NER-0163","Department of Military Affairs","GOV_ORG","MINISTRY","","DMA","IN","MoD department headed by CDS","Wikipedia;Ministry of Defence India","high","","EXISTING","NEW","UNVERIFIED"
"NER-0164","Department of Defence Production","GOV_ORG","MINISTRY","","DDP","IN","MoD department overseeing DPSUs","Wikipedia;Ministry of Defence India","high","","EXISTING","NEW","UNVERIFIED"
"NER-0165","Department of Defence Research and Development","GOV_ORG","MINISTRY","","DDR&D","IN","MoD department headed by DRDO chairman","Wikipedia;Ministry of Defence India","high","","EXISTING","NEW","UNVERIFIED"
"NER-0166","Defence Acquisition Council","GOV_ORG","MINISTRY","","DAC","IN","MoD body approving capital acquisitions","Wikipedia;Press Information Bureau","high","","EXISTING","NEW","UNVERIFIED"
"NER-0167","Cabinet Committee on Security","GOV_ORG","MINISTRY","","CCS","IN","Indian cabinet committee on security","Wikipedia;Press Information Bureau","high","","EXISTING","NEW","UNVERIFIED"
"NER-0168","National Security Council Secretariat","GOV_ORG","MINISTRY","","NSCS","IN","Secretariat to National Security Council","Wikipedia","high","","EXISTING","NEW","UNVERIFIED"
"NER-0169","Research and Analysis Wing","GOV_ORG","INTEL_AGENCY","","RAW","IN","Indian external intelligence agency","Wikipedia","high","RAW also camera file format (02 hard negatives)","EXISTING","02_ENTITIES","UNVERIFIED"
"NER-0170","Intelligence Bureau (India)","GOV_ORG","INTEL_AGENCY","Intelligence Bureau","IB","IN","Indian domestic intelligence agency","Wikipedia","high","IB highly ambiguous","EXISTING","NEW","UNVERIFIED"
"NER-0171","National Technical Research Organisation","GOV_ORG","INTEL_AGENCY","","NTRO","IN","Indian technical intelligence agency","Wikipedia","high","","EXISTING","NEW","UNVERIFIED"
"NER-0172","National Investigation Agency","GOV_ORG","INTEL_AGENCY","","NIA","IN","Indian counter-terrorism investigation agency","Wikipedia;National Investigation Agency","high","","EXISTING","NEW","UNVERIFIED"
"NER-0173","National Security Guard","GOV_ORG","PARAMILITARY","Black Cats","NSG","IN","Indian counter-terror force","Wikipedia;MHA India","high","NSG also = Nuclear Suppliers Group - disambiguate","EXISTING","NEW","UNVERIFIED"
"NER-0174","Border Security Force","GOV_ORG","PARAMILITARY","","BSF","IN","Indian border guarding force","Wikipedia;MHA India","high","","EXISTING","02_ENTITIES","UNVERIFIED"
"NER-0175","Central Reserve Police Force","GOV_ORG","PARAMILITARY","","CRPF","IN","Indian central armed police force","Wikipedia;MHA India","high","","EXISTING","NEW","UNVERIFIED"
"NER-0176","Indo-Tibetan Border Police","GOV_ORG","PARAMILITARY","","ITBP","IN","Indian force guarding China border","Wikipedia;MHA India","high","","EXISTING","02_ENTITIES","UNVERIFIED"
"NER-0177","Sashastra Seema Bal","GOV_ORG","PARAMILITARY","","SSB","IN","Indian force guarding Nepal and Bhutan borders","Wikipedia;MHA India","high","","EXISTING","NEW","UNVERIFIED"
"NER-0178","Central Industrial Security Force","GOV_ORG","PARAMILITARY","","CISF","IN","Indian industrial security force","Wikipedia;MHA India","high","","EXISTING","NEW","UNVERIFIED"
"NER-0179","Assam Rifles","GOV_ORG","PARAMILITARY","","AR","IN","Indian paramilitary under MHA with Army operational control","Wikipedia;MHA India","high","","EXISTING","02_ENTITIES","UNVERIFIED"
"NER-0180","Special Frontier Force","GOV_ORG","PARAMILITARY","Establishment 22","SFF","IN","Indian covert special force","Wikipedia","medium","","EXISTING","NEW","UNVERIFIED"
"NER-0181","Lok Sabha","GOV_ORG","LEGISLATURE","","","IN","Lower house of Indian Parliament","Wikipedia;Sansad","high","","EXISTING","NEW","UNVERIFIED"
"NER-0182","Rajya Sabha","GOV_ORG","LEGISLATURE","","","IN","Upper house of Indian Parliament","Wikipedia;Sansad","high","","EXISTING","NEW","UNVERIFIED"
"NER-0183","Standing Committee on Defence","GOV_ORG","LEGISLATURE","","","IN","Parliamentary committee on defence","Wikipedia;Sansad","medium","","EXISTING","NEW","UNVERIFIED"
"NER-0184","Comptroller and Auditor General of India","GOV_ORG","MINISTRY","","CAG","IN","Supreme audit institution","Wikipedia;Comptroller and Auditor General","high","","EXISTING","NEW","UNVERIFIED"
"NER-0185","Indian Space Research Organisation","GOV_ORG","MINISTRY","","ISRO","IN","Indian space agency with dual-use satellites","Wikipedia;ISRO","high","Civil agency - include for SENSOR_C4ISR context","EXISTING","NEW","UNVERIFIED"
"NER-0186","Department of Atomic Energy","GOV_ORG","MINISTRY","","DAE","IN","Indian nuclear energy and weapons programme department","Wikipedia;Nuclear Notebook","high","","EXISTING","NEW","UNVERIFIED"
"NER-0187","Bhabha Atomic Research Centre","GOV_ORG","MINISTRY","","BARC","IN","Indian nuclear research centre","Wikipedia;Nuclear Notebook","high","Could be DEF_INDUSTRY RESEARCH_LAB","EXISTING","NEW","UNVERIFIED"
"NER-0188","Ministry of Defence (Pakistan)","GOV_ORG","MINISTRY","","MoD","PK","Pakistan defence ministry","Wikipedia","high","","EXISTING","NEW","UNVERIFIED"
"NER-0189","Inter-Services Intelligence","GOV_ORG","INTEL_AGENCY","","ISI","PK","Pakistan intelligence agency","Wikipedia","high","ISI also Indian Statistical Institute (02 hard negatives)","EXISTING","02_ENTITIES","UNVERIFIED"
"NER-0190","Intelligence Bureau (Pakistan)","GOV_ORG","INTEL_AGENCY","","IB","PK","Pakistan domestic intelligence","Wikipedia","medium","","EXISTING","NEW","UNVERIFIED"
"NER-0191","Pakistan Rangers","GOV_ORG","PARAMILITARY","","","PK","Pakistan border paramilitary","Wikipedia","high","Punjab Rangers and Sindh Rangers are separate formations","EXISTING","NEW","UNVERIFIED"
"NER-0192","Frontier Corps","GOV_ORG","PARAMILITARY","","FC","PK","Pakistan paramilitary in KP and Balochistan","Wikipedia","high","FC abbreviation ambiguous","EXISTING","NEW","UNVERIFIED"
"NER-0193","Pakistan Maritime Security Agency","GOV_ORG","PARAMILITARY","","PMSA","PK","Pakistan maritime law enforcement","Wikipedia","medium","","EXISTING","NEW","UNVERIFIED"
"NER-0194","Pakistan Atomic Energy Commission","GOV_ORG","MINISTRY","","PAEC","PK","Pakistan nuclear energy and weapons establishment","Wikipedia;Nuclear Notebook","high","","EXISTING","NEW","UNVERIFIED"
"NER-0195","National Command Authority (Pakistan)","GOV_ORG","MINISTRY","National Command Authority","NCA","PK","Pakistan nuclear command body","Wikipedia;Nuclear Notebook","high","","EXISTING","NEW","UNVERIFIED"
"NER-0196","National Counter Terrorism Authority","GOV_ORG","INTEL_AGENCY","","NACTA","PK","Pakistan counter-terrorism coordination body","Wikipedia","medium","","EXISTING","NEW","UNVERIFIED"
"NER-0197","Ministry of National Defense (China)","GOV_ORG","MINISTRY","","MND","CN","PRC defence ministry","Wikipedia;MND PRC","high","","EXISTING","NEW","UNVERIFIED"
"NER-0198","Ministry of State Security (China)","GOV_ORG","INTEL_AGENCY","","MSS","CN","PRC intelligence and security ministry","Wikipedia","high","","EXISTING","NEW","UNVERIFIED"
"NER-0199","Ministry of Public Security (China)","GOV_ORG","MINISTRY","","MPS","CN","PRC police ministry","Wikipedia","high","","EXISTING","NEW","UNVERIFIED"
"NER-0200","State Administration for Science Technology and Industry for National Defense","GOV_ORG","MINISTRY","","SASTIND","CN","PRC defence industry regulator","Wikipedia","medium","","EXISTING","NEW","UNVERIFIED"
"NER-0201","Border Guard Bangladesh","GOV_ORG","PARAMILITARY","","BGB","BD","Bangladesh border force","Wikipedia","high","","EXISTING","NEW","UNVERIFIED"
"NER-0202","Rapid Action Battalion","GOV_ORG","PARAMILITARY","","RAB","BD","Bangladesh elite police battalion","Wikipedia","high","","EXISTING","NEW","UNVERIFIED"
"NER-0203","Directorate General of Forces Intelligence","GOV_ORG","INTEL_AGENCY","","DGFI","BD","Bangladesh military intelligence","Wikipedia","high","","EXISTING","NEW","UNVERIFIED"
"NER-0204","Armed Police Force (Nepal)","GOV_ORG","PARAMILITARY","Armed Police Force","APF","NP","Nepal paramilitary force","Wikipedia","high","","EXISTING","NEW","UNVERIFIED"
"NER-0205","Special Task Force (Sri Lanka)","GOV_ORG","PARAMILITARY","Special Task Force","STF","LK","Sri Lanka police commando force","Wikipedia","medium","","EXISTING","NEW","UNVERIFIED"
"NER-0206","Ministry of Defence (Sri Lanka)","GOV_ORG","MINISTRY","","MoD","LK","Sri Lanka defence ministry","Wikipedia;Sri Lanka MoD","high","","EXISTING","NEW","UNVERIFIED"
"NER-0207","Ministry of Defence (Nepal)","GOV_ORG","MINISTRY","","MoD","NP","Nepal defence ministry","Wikipedia","medium","","EXISTING","NEW","UNVERIFIED"
"NER-0208","United States Department of Defense","GOV_ORG","MINISTRY","Pentagon;Department of War","DoD","US","US defence department","Wikipedia","high","Secondary title Department of War used from 2025 - verify; metonym Pentagon","EXISTING","NEW","UNVERIFIED"
"NER-0209","Central Intelligence Agency","GOV_ORG","INTEL_AGENCY","","CIA","US","US foreign intelligence agency","Wikipedia","high","","EXISTING","NEW","UNVERIFIED"
"NER-0210","National Security Agency","GOV_ORG","INTEL_AGENCY","","NSA","US","US signals intelligence agency","Wikipedia","high","","EXISTING","NEW","UNVERIFIED"
"NER-0211","Defense Intelligence Agency","GOV_ORG","INTEL_AGENCY","","DIA","US","US military intelligence agency","Wikipedia","high","See India DIA","EXISTING","NEW","UNVERIFIED"
"NER-0212","Federal Bureau of Investigation","GOV_ORG","INTEL_AGENCY","","FBI","US","US domestic law enforcement and intelligence","Wikipedia","high","","EXISTING","NEW","UNVERIFIED"
"NER-0213","Office of the Director of National Intelligence","GOV_ORG","INTEL_AGENCY","","ODNI","US","US intelligence community lead","Wikipedia","high","","EXISTING","NEW","UNVERIFIED"
"NER-0214","Department of Homeland Security","GOV_ORG","MINISTRY","","DHS","US","US homeland security department","Wikipedia","high","","EXISTING","NEW","UNVERIFIED"
"NER-0215","Defense Advanced Research Projects Agency","GOV_ORG","MINISTRY","","DARPA","US","US defence research agency","Wikipedia","high","","EXISTING","NEW","UNVERIFIED"
"NER-0216","Missile Defense Agency","GOV_ORG","MINISTRY","","MDA","US","US missile defence agency","Wikipedia","high","","EXISTING","NEW","UNVERIFIED"
"NER-0217","National Reconnaissance Office","GOV_ORG","INTEL_AGENCY","","NRO","US","US satellite reconnaissance agency","Wikipedia","high","","EXISTING","NEW","UNVERIFIED"
"NER-0218","Ministry of Defence (United Kingdom)","GOV_ORG","MINISTRY","","MOD","GB","UK defence ministry","Wikipedia;UK MoD","high","","EXISTING","NEW","UNVERIFIED"
"NER-0219","Secret Intelligence Service","GOV_ORG","INTEL_AGENCY","MI6","SIS","GB","UK foreign intelligence service","Wikipedia","high","","EXISTING","NEW","UNVERIFIED"
"NER-0220","Security Service (MI5)","GOV_ORG","INTEL_AGENCY","MI5","","GB","UK domestic security service","Wikipedia","high","","EXISTING","NEW","UNVERIFIED"
"NER-0221","Government Communications Headquarters","GOV_ORG","INTEL_AGENCY","","GCHQ","GB","UK signals intelligence agency","Wikipedia","high","","EXISTING","NEW","UNVERIFIED"
"NER-0222","Ministry of Defence (Russia)","GOV_ORG","MINISTRY","Russian MoD","MoD","RU","Russian defence ministry","Wikipedia;Russian MoD","high","","EXISTING","NEW","UNVERIFIED"
"NER-0223","Federal Security Service","GOV_ORG","INTEL_AGENCY","","FSB","RU","Russian domestic security agency","Wikipedia","high","","EXISTING","NEW","UNVERIFIED"
"NER-0224","Foreign Intelligence Service (Russia)","GOV_ORG","INTEL_AGENCY","Sluzhba Vneshney Razvedki","SVR","RU","Russian foreign intelligence","Wikipedia","high","","EXISTING","NEW","UNVERIFIED"
"NER-0225","Main Directorate of the General Staff","GOV_ORG","INTEL_AGENCY","","GRU","RU","Russian military intelligence","Wikipedia","high","Could be MIL_ORG","EXISTING","NEW","UNVERIFIED"
"NER-0226","Mossad","GOV_ORG","INTEL_AGENCY","","","IL","Israeli foreign intelligence","Wikipedia","high","","EXISTING","NEW","UNVERIFIED"
"NER-0227","Shin Bet","GOV_ORG","INTEL_AGENCY","Shabak","","IL","Israeli domestic security","Wikipedia","high","","EXISTING","NEW","UNVERIFIED"
"NER-0228","Directorate-General for External Security","GOV_ORG","INTEL_AGENCY","","DGSE","FR","French foreign intelligence","Wikipedia","high","","EXISTING","NEW","UNVERIFIED"
"NER-0229","Bundesnachrichtendienst","GOV_ORG","INTEL_AGENCY","","BND","DE","German foreign intelligence","Wikipedia","high","","EXISTING","NEW","UNVERIFIED"
"NER-0230","Hindustan Aeronautics Limited","DEF_INDUSTRY","MANUFACTURER","","HAL","IN","Indian state aerospace manufacturer","Wikipedia;HAL website","high","","EXISTING","02_ENTITIES","UNVERIFIED"
"NER-0231","Bharat Electronics Limited","DEF_INDUSTRY","MANUFACTURER","","BEL","IN","Indian state defence electronics manufacturer","Wikipedia;BEL website","high","","EXISTING","02_ENTITIES","UNVERIFIED"
"NER-0232","Bharat Dynamics Limited","DEF_INDUSTRY","MANUFACTURER","","BDL","IN","Indian state missile manufacturer","Wikipedia;BDL website","high","","EXISTING","NEW","UNVERIFIED"
"NER-0233","BEML Limited","DEF_INDUSTRY","MANUFACTURER","Bharat Earth Movers Limited","BEML","IN","Indian state heavy vehicle manufacturer","Wikipedia","high","","EXISTING","NEW","UNVERIFIED"
"NER-0234","Mishra Dhatu Nigam","DEF_INDUSTRY","MANUFACTURER","","MIDHANI","IN","Indian state special alloys manufacturer","Wikipedia","high","","EXISTING","NEW","UNVERIFIED"
"NER-0235","Mazagon Dock Shipbuilders","DEF_INDUSTRY","SHIPYARD","Mazagon Dock","MDL","IN","Indian state shipyard Mumbai","Wikipedia;Mazagon Dock website","high","","EXISTING","02_ENTITIES","UNVERIFIED"
"NER-0236","Garden Reach Shipbuilders and Engineers","DEF_INDUSTRY","SHIPYARD","","GRSE","IN","Indian state shipyard Kolkata","Wikipedia;GRSE website","high","","EXISTING","NEW","UNVERIFIED"
"NER-0237","Cochin Shipyard Limited","DEF_INDUSTRY","SHIPYARD","","CSL","IN","Indian state shipyard Kochi building carrier Vikrant","Wikipedia","high","","EXISTING","NEW","UNVERIFIED"
"NER-0238","Goa Shipyard Limited","DEF_INDUSTRY","SHIPYARD","","GSL","IN","Indian state shipyard Goa","Wikipedia","high","","EXISTING","NEW","UNVERIFIED"
"NER-0239","Hindustan Shipyard Limited","DEF_INDUSTRY","SHIPYARD","","HSL","IN","Indian state shipyard Visakhapatnam","Wikipedia","high","","EXISTING","NEW","UNVERIFIED"
"NER-0240","Larsen and Toubro","DEF_INDUSTRY","MANUFACTURER","L&T","L&T","IN","Indian conglomerate with defence shipbuilding and systems","Wikipedia","high","","EXISTING","NEW","UNVERIFIED"
"NER-0241","Tata Advanced Systems","DEF_INDUSTRY","MANUFACTURER","","TASL","IN","Indian private defence aerospace company","Wikipedia","high","","EXISTING","NEW","UNVERIFIED"
"NER-0242","Mahindra Defence Systems","DEF_INDUSTRY","MANUFACTURER","","","IN","Indian private defence vehicle maker","Wikipedia","medium","","EXISTING","NEW","UNVERIFIED"
"NER-0243","Bharat Forge","DEF_INDUSTRY","MANUFACTURER","Kalyani Strategic Systems","","IN","Indian private artillery and forging company","Wikipedia","medium","","EXISTING","NEW","UNVERIFIED"
"NER-0244","Adani Defence and Aerospace","DEF_INDUSTRY","MANUFACTURER","","","IN","Indian private defence company","Wikipedia","medium","","EXISTING","NEW","UNVERIFIED"
"NER-0245","BrahMos Aerospace","DEF_INDUSTRY","MANUFACTURER","","","IN;RU","India-Russia joint venture for BrahMos missile","Wikipedia;BrahMos Aerospace website","high","Also named as parent in 02 KB record","EXISTING","02_ENTITIES","UNVERIFIED"
"NER-0246","Defence Research and Development Organisation","DEF_INDUSTRY","RESEARCH_LAB","","DRDO","IN","Indian defence R&D agency","Wikipedia;DRDO","high","","EXISTING","02_ENTITIES","UNVERIFIED"
"NER-0247","Defence Research and Development Laboratory","DEF_INDUSTRY","RESEARCH_LAB","","DRDL","IN","DRDO missile laboratory Hyderabad","Wikipedia;DRDO","medium","","EXISTING","NEW","UNVERIFIED"
"NER-0248","Gas Turbine Research Establishment","DEF_INDUSTRY","RESEARCH_LAB","","GTRE","IN","DRDO engine laboratory Bengaluru","Wikipedia;DRDO","medium","","EXISTING","NEW","UNVERIFIED"
"NER-0249","Aeronautical Development Agency","DEF_INDUSTRY","RESEARCH_LAB","","ADA","IN","Agency designing Tejas and AMCA","Wikipedia","high","","EXISTING","NEW","UNVERIFIED"
"NER-0250","Armoured Vehicles Nigam Limited","DEF_INDUSTRY","MANUFACTURER","","AVNL","IN","Successor DPSU of Ordnance Factory Board for armoured vehicles","Wikipedia","medium","","EXISTING","NEW","UNVERIFIED"
"NER-0251","Munitions India Limited","DEF_INDUSTRY","MANUFACTURER","","MIL","IN","Successor DPSU of Ordnance Factory Board for ammunition","Wikipedia","medium","MIL abbreviation ambiguous with military","EXISTING","NEW","UNVERIFIED"
"NER-0252","Advanced Weapons and Equipment India Limited","DEF_INDUSTRY","MANUFACTURER","","AWEIL","IN","Successor DPSU of Ordnance Factory Board for weapons","Wikipedia","medium","","EXISTING","NEW","UNVERIFIED"
"NER-0253","Ordnance Factory Board","DEF_INDUSTRY","MANUFACTURER","","OFB","IN","Former Indian ordnance body corporatised 2021","Wikipedia","high","Historical - valid_to 2021","EXISTING","NEW","UNVERIFIED"
"NER-0254","Pakistan Aeronautical Complex","DEF_INDUSTRY","MANUFACTURER","","PAC","PK","Pakistan aerospace complex Kamra","Wikipedia;PAC website","high","PAC abbreviation also used in PAC-3 Patriot context","EXISTING","NEW","UNVERIFIED"
"NER-0255","Heavy Industries Taxila","DEF_INDUSTRY","MANUFACTURER","","HIT","PK","Pakistan armoured vehicle manufacturer","Wikipedia","high","","EXISTING","NEW","UNVERIFIED"
"NER-0256","Pakistan Ordnance Factories","DEF_INDUSTRY","MANUFACTURER","","POF","PK","Pakistan state ordnance manufacturer","Wikipedia;POF website","high","","EXISTING","NEW","UNVERIFIED"
"NER-0257","Karachi Shipyard and Engineering Works","DEF_INDUSTRY","SHIPYARD","","KSEW","PK","Pakistan state shipyard","Wikipedia","high","","EXISTING","NEW","UNVERIFIED"
"NER-0258","National Engineering and Scientific Commission","DEF_INDUSTRY","RESEARCH_LAB","","NESCOM","PK","Pakistan strategic missile and space R&D body","Wikipedia;Nuclear Notebook","medium","","EXISTING","NEW","UNVERIFIED"
"NER-0259","Khan Research Laboratories","DEF_INDUSTRY","RESEARCH_LAB","","KRL","PK","Pakistan nuclear and missile laboratory","Wikipedia;Nuclear Notebook","high","","EXISTING","NEW","UNVERIFIED"
"NER-0260","Aviation Industry Corporation of China","DEF_INDUSTRY","MANUFACTURER","","AVIC","CN","Chinese state aerospace conglomerate","Wikipedia;SIPRI Arms Industry Database","high","","EXISTING","NEW","UNVERIFIED"
"NER-0261","China North Industries Group Corporation","DEF_INDUSTRY","MANUFACTURER","NORINCO","NORINCO","CN","Chinese state land systems conglomerate","Wikipedia;SIPRI Arms Industry Database","high","","EXISTING","02_ENTITIES","UNVERIFIED"
"NER-0262","China Aerospace Science and Technology Corporation","DEF_INDUSTRY","MANUFACTURER","","CASC","CN","Chinese state space and missile conglomerate","Wikipedia;SIPRI Arms Industry Database","high","","EXISTING","NEW","UNVERIFIED"
"NER-0263","China Aerospace Science and Industry Corporation","DEF_INDUSTRY","MANUFACTURER","","CASIC","CN","Chinese state missile conglomerate","Wikipedia;SIPRI Arms Industry Database","high","CASC and CASIC are distinct - do not merge","EXISTING","NEW","UNVERIFIED"
"NER-0264","China State Shipbuilding Corporation","DEF_INDUSTRY","SHIPYARD","","CSSC","CN","Chinese state shipbuilder","Wikipedia;SIPRI Arms Industry Database","high","","EXISTING","NEW","UNVERIFIED"
"NER-0265","China South Industries Group Corporation","DEF_INDUSTRY","MANUFACTURER","","CSGC","CN","Chinese state weapons conglomerate","Wikipedia;SIPRI Arms Industry Database","medium","","EXISTING","NEW","UNVERIFIED"
"NER-0266","China Electronics Technology Group Corporation","DEF_INDUSTRY","MANUFACTURER","","CETC","CN","Chinese state defence electronics conglomerate","Wikipedia;SIPRI Arms Industry Database","high","","EXISTING","NEW","UNVERIFIED"
"NER-0267","Chengdu Aircraft Corporation","DEF_INDUSTRY","MANUFACTURER","AVIC Chengdu","CAC","CN","Maker of J-10 J-20 and FC-1","Wikipedia","high","","EXISTING","NEW","UNVERIFIED"
"NER-0268","Shenyang Aircraft Corporation","DEF_INDUSTRY","MANUFACTURER","AVIC Shenyang","SAC","CN","Maker of J-11 J-15 J-16","Wikipedia","high","","EXISTING","NEW","UNVERIFIED"
"NER-0269","Lockheed Martin","DEF_INDUSTRY","MANUFACTURER","","LMT","US","US aerospace and defence company","Wikipedia;SIPRI Arms Industry Database","high","","EXISTING","02_ENTITIES","UNVERIFIED"
"NER-0270","RTX Corporation","DEF_INDUSTRY","MANUFACTURER","Raytheon Technologies;Raytheon","RTX","US","US aerospace and defence company","Wikipedia;SIPRI Arms Industry Database","high","Renamed from Raytheon Technologies in 2023","EXISTING","NEW","UNVERIFIED"
"NER-0271","Boeing","DEF_INDUSTRY","MANUFACTURER","Boeing Defense Space and Security","","US","US aerospace company","Wikipedia;SIPRI Arms Industry Database","high","","EXISTING","NEW","UNVERIFIED"
"NER-0272","Northrop Grumman","DEF_INDUSTRY","MANUFACTURER","","NOC","US","US aerospace and defence company","Wikipedia;SIPRI Arms Industry Database","high","","EXISTING","NEW","UNVERIFIED"
"NER-0273","General Dynamics","DEF_INDUSTRY","MANUFACTURER","","GD","US","US defence company","Wikipedia;SIPRI Arms Industry Database","high","","EXISTING","NEW","UNVERIFIED"
"NER-0274","L3Harris Technologies","DEF_INDUSTRY","MANUFACTURER","","","US","US defence electronics company","Wikipedia;SIPRI Arms Industry Database","high","","EXISTING","NEW","UNVERIFIED"
"NER-0275","Huntington Ingalls Industries","DEF_INDUSTRY","SHIPYARD","","HII","US","US naval shipbuilder","Wikipedia;SIPRI Arms Industry Database","high","","EXISTING","NEW","UNVERIFIED"
"NER-0276","General Atomics Aeronautical Systems","DEF_INDUSTRY","MANUFACTURER","","GA-ASI","US","Maker of MQ-9 and MQ-1","Wikipedia","high","","EXISTING","NEW","UNVERIFIED"
"NER-0277","Anduril Industries","DEF_INDUSTRY","MANUFACTURER","","","US","US defence technology company","Wikipedia","medium","","EXISTING","NEW","UNVERIFIED"
"NER-0278","BAE Systems","DEF_INDUSTRY","MANUFACTURER","","BAE","GB","UK defence company","Wikipedia;SIPRI Arms Industry Database","high","","EXISTING","NEW","UNVERIFIED"
"NER-0279","Leonardo","DEF_INDUSTRY","MANUFACTURER","Leonardo S.p.A.","","IT","Italian defence and aerospace company","Wikipedia;SIPRI Arms Industry Database","high","","EXISTING","NEW","UNVERIFIED"
"NER-0280","Airbus","DEF_INDUSTRY","MANUFACTURER","","","EU","European aerospace company","Wikipedia;SIPRI Arms Industry Database","high","","EXISTING","NEW","UNVERIFIED"
"NER-0281","Thales Group","DEF_INDUSTRY","MANUFACTURER","Thales","","FR","French defence and electronics company","Wikipedia;SIPRI Arms Industry Database","high","","EXISTING","NEW","UNVERIFIED"
"NER-0282","Dassault Aviation","DEF_INDUSTRY","MANUFACTURER","","","FR","Maker of Rafale and Mirage","Wikipedia","high","","EXISTING","NEW","UNVERIFIED"
"NER-0283","Naval Group","DEF_INDUSTRY","SHIPYARD","","","FR","French naval shipbuilder","Wikipedia;SIPRI Arms Industry Database","high","","EXISTING","NEW","UNVERIFIED"
"NER-0284","Safran","DEF_INDUSTRY","MANUFACTURER","","","FR","French aerospace and defence group","Wikipedia","high","","EXISTING","NEW","UNVERIFIED"
"NER-0285","MBDA","DEF_INDUSTRY","MANUFACTURER","","","EU","European missile maker","Wikipedia;SIPRI Arms Industry Database","high","","EXISTING","NEW","UNVERIFIED"
"NER-0286","Rheinmetall","DEF_INDUSTRY","MANUFACTURER","","","DE","German defence company","Wikipedia;SIPRI Arms Industry Database","high","","EXISTING","NEW","UNVERIFIED"
"NER-0287","Saab","DEF_INDUSTRY","MANUFACTURER","","","SE","Swedish defence company","Wikipedia;SIPRI Arms Industry Database","high","Saab AB vs Saab cars","EXISTING","NEW","UNVERIFIED"
"NER-0288","Rostec","DEF_INDUSTRY","MANUFACTURER","Rostec State Corporation","","RU","Russian state defence conglomerate","Wikipedia;SIPRI Arms Industry Database","high","","EXISTING","NEW","UNVERIFIED"
"NER-0289","Almaz-Antey","DEF_INDUSTRY","MANUFACTURER","","","RU","Russian air defence maker","Wikipedia;SIPRI Arms Industry Database","high","","EXISTING","NEW","UNVERIFIED"
"NER-0290","United Aircraft Corporation","DEF_INDUSTRY","MANUFACTURER","","UAC","RU","Russian state aircraft maker","Wikipedia;SIPRI Arms Industry Database","high","","EXISTING","NEW","UNVERIFIED"
"NER-0291","Sukhoi","DEF_INDUSTRY","MANUFACTURER","","","RU","Russian fighter maker","Wikipedia","high","","EXISTING","NEW","UNVERIFIED"
"NER-0292","United Shipbuilding Corporation","DEF_INDUSTRY","SHIPYARD","","USC","RU","Russian state shipbuilder","Wikipedia;SIPRI Arms Industry Database","high","","EXISTING","NEW","UNVERIFIED"
"NER-0293","Rafael Advanced Defense Systems","DEF_INDUSTRY","MANUFACTURER","Rafael","","IL","Israeli state-owned defence company","Wikipedia;SIPRI Arms Industry Database","high","","EXISTING","NEW","UNVERIFIED"
"NER-0294","Israel Aerospace Industries","DEF_INDUSTRY","MANUFACTURER","","IAI","IL","Israeli state aerospace company","Wikipedia;SIPRI Arms Industry Database","high","","EXISTING","NEW","UNVERIFIED"
"NER-0295","Elbit Systems","DEF_INDUSTRY","MANUFACTURER","","","IL","Israeli defence electronics company","Wikipedia;SIPRI Arms Industry Database","high","","EXISTING","NEW","UNVERIFIED"
"NER-0296","Hanwha Aerospace","DEF_INDUSTRY","MANUFACTURER","","","KR","South Korean defence company","Wikipedia;SIPRI Arms Industry Database","high","","EXISTING","NEW","UNVERIFIED"
"NER-0297","Korea Aerospace Industries","DEF_INDUSTRY","MANUFACTURER","","KAI","KR","South Korean aircraft maker","Wikipedia","high","","EXISTING","NEW","UNVERIFIED"
"NER-0298","Mitsubishi Heavy Industries","DEF_INDUSTRY","MANUFACTURER","","MHI","JP","Japanese defence and heavy industry","Wikipedia;SIPRI Arms Industry Database","high","","EXISTING","NEW","UNVERIFIED"
"NER-0299","Turkish Aerospace Industries","DEF_INDUSTRY","MANUFACTURER","","TAI","TR","Turkish state aerospace company","Wikipedia;SIPRI Arms Industry Database","high","","EXISTING","NEW","UNVERIFIED"
"NER-0300","Baykar","DEF_INDUSTRY","MANUFACTURER","Baykar Technologies","","TR","Turkish drone maker","Wikipedia","high","","EXISTING","NEW","UNVERIFIED"
"NER-0301","Aselsan","DEF_INDUSTRY","MANUFACTURER","","","TR","Turkish defence electronics company","Wikipedia;SIPRI Arms Industry Database","high","","EXISTING","NEW","UNVERIFIED"
"NER-0302","Roketsan","DEF_INDUSTRY","MANUFACTURER","","","TR","Turkish missile maker","Wikipedia","high","","EXISTING","NEW","UNVERIFIED"
"NER-0303","Lashkar-e-Taiba","NSAG","TERRORIST_DESIGNATED","LeT;Lashkar-e-Tayyiba;Army of the Pure","LeT","PK","Pakistan-based militant group","Wikipedia;UN 1267 Sanctions List;MHA India (UAPA schedule);US State Department FTO list;South Asia Terrorism Portal","high","Front names include Jamaat-ud-Dawa and The Resistance Front - keep separate rows","EXISTING","NEW","UNVERIFIED"
"NER-0304","The Resistance Front","NSAG","TERRORIST_DESIGNATED","TRF","TRF","IN","Militant group in J&K linked to LeT per Indian authorities","Wikipedia;MHA India (UAPA schedule);South Asia Terrorism Portal","medium","Attribution contested - source dependent","EXISTING","NEW","UNVERIFIED"
"NER-0305","Jamaat-ud-Dawa","NSAG","TERRORIST_DESIGNATED","JuD","JuD","PK","Group described as LeT front","Wikipedia;UN 1267 Sanctions List;US State Department FTO list","medium","Status varies by source","EXISTING","NEW","UNVERIFIED"
"NER-0306","Jaish-e-Mohammed","NSAG","TERRORIST_DESIGNATED","JeM;Army of Muhammad","JeM","PK","Pakistan-based militant group","Wikipedia;UN 1267 Sanctions List;MHA India (UAPA schedule);US State Department FTO list;South Asia Terrorism Portal","high","","EXISTING","NEW","UNVERIFIED"
"NER-0307","Hizbul Mujahideen","NSAG","TERRORIST_DESIGNATED","","HM","IN","J&K militant group","Wikipedia;MHA India (UAPA schedule);US State Department FTO list;South Asia Terrorism Portal","high","","EXISTING","NEW","UNVERIFIED"
"NER-0308","Tehrik-i-Taliban Pakistan","NSAG","TERRORIST_DESIGNATED","Pakistani Taliban","TTP","PK","Pakistani militant coalition","Wikipedia;UN 1267 Sanctions List;US State Department FTO list;UCDP","high","Distinct from Afghan Taliban","EXISTING","NEW","UNVERIFIED"
"NER-0309","Baloch Liberation Army","NSAG","INSURGENT","","BLA","PK","Baloch separatist militant group","Wikipedia;US State Department FTO list;UCDP","high","Designated FTO by US 2025 - verify","EXISTING","NEW","UNVERIFIED"
"NER-0310","Balochistan Liberation Front","NSAG","INSURGENT","","BLF","PK","Baloch separatist militant group","Wikipedia;UCDP","medium","","EXISTING","NEW","UNVERIFIED"
"NER-0311","Islamic State Khorasan Province","NSAG","TERRORIST_DESIGNATED","ISIS-K;ISKP;IS-K","ISKP","AF;PK","Islamic State affiliate in Afghanistan-Pakistan","Wikipedia;UN 1267 Sanctions List;UCDP","high","","EXISTING","NEW","UNVERIFIED"
"NER-0312","Al-Qaeda","NSAG","TERRORIST_DESIGNATED","al-Qaida;al-Qaeda Central","AQ","Global","Global jihadist network","Wikipedia;UN 1267 Sanctions List;UCDP","high","","EXISTING","NEW","UNVERIFIED"
"NER-0313","Al-Qaeda in the Indian Subcontinent","NSAG","TERRORIST_DESIGNATED","","AQIS","Global","Al-Qaeda affiliate for South Asia","Wikipedia;UN 1267 Sanctions List;US State Department FTO list","high","","EXISTING","NEW","UNVERIFIED"
"NER-0314","Taliban","NSAG","INSURGENT","Afghan Taliban;Islamic Emirate of Afghanistan","","AF","Afghan movement - de facto government since 2021","Wikipedia;UCDP;UN 1267 Sanctions List","high","Dual status: NSAG pre-2021 and de facto GOV after - set valid_from/to","EXISTING","NEW","UNVERIFIED"
"NER-0315","Haqqani Network","NSAG","TERRORIST_DESIGNATED","","","AF;PK","Afghan militant network","Wikipedia;UN 1267 Sanctions List;US State Department FTO list","high","","EXISTING","NEW","UNVERIFIED"
"NER-0316","Students Islamic Movement of India","NSAG","TERRORIST_DESIGNATED","","SIMI","IN","Banned Indian organisation","Wikipedia;MHA India (UAPA schedule)","medium","","EXISTING","NEW","UNVERIFIED"
"NER-0317","Indian Mujahideen","NSAG","TERRORIST_DESIGNATED","","IM","IN","Indian militant network","Wikipedia;MHA India (UAPA schedule);US State Department FTO list","medium","IM abbreviation ambiguous","EXISTING","NEW","UNVERIFIED"
"NER-0318","Harkat-ul-Mujahideen","NSAG","TERRORIST_DESIGNATED","","HuM","PK","Pakistan-based militant group","Wikipedia;MHA India (UAPA schedule);South Asia Terrorism Portal","medium","","EXISTING","NEW","UNVERIFIED"
"NER-0319","Jamaat-ul-Mujahideen Bangladesh","NSAG","TERRORIST_DESIGNATED","","JMB","BD","Bangladeshi militant group","Wikipedia;South Asia Terrorism Portal","high","","EXISTING","NEW","UNVERIFIED"
"NER-0320","Ansarullah Bangla Team","NSAG","TERRORIST_DESIGNATED","","ABT","BD","Bangladeshi militant group","Wikipedia;South Asia Terrorism Portal","medium","","EXISTING","NEW","UNVERIFIED"
"NER-0321","Communist Party of India (Maoist)","NSAG","INSURGENT","Naxalites;Maoists","CPI (Maoist)","IN","Indian Maoist insurgent party","Wikipedia;MHA India (UAPA schedule);South Asia Terrorism Portal;UCDP","high","Political party name vs armed wing PLGA","EXISTING","NEW","UNVERIFIED"
"NER-0322","People's Liberation Guerrilla Army","NSAG","INSURGENT","","PLGA","IN","Armed wing of CPI (Maoist)","Wikipedia;South Asia Terrorism Portal","medium","Abbrev PLGA - also confusable with PLA","EXISTING","NEW","UNVERIFIED"
"NER-0323","United Liberation Front of Asom","NSAG","INSURGENT","","ULFA","IN","Assam separatist group","Wikipedia;MHA India (UAPA schedule);South Asia Terrorism Portal;UCDP","high","","EXISTING","NEW","UNVERIFIED"
"NER-0324","National Socialist Council of Nagaland (Isak-Muivah)","NSAG","INSURGENT","NSCN-IM","NSCN-IM","IN","Naga insurgent group","Wikipedia;South Asia Terrorism Portal;UCDP","high","","EXISTING","NEW","UNVERIFIED"
"NER-0325","National Socialist Council of Nagaland (Khaplang)","NSAG","INSURGENT","NSCN-K","NSCN-K","IN;MM","Naga insurgent group","Wikipedia;South Asia Terrorism Portal;UCDP","high","","EXISTING","NEW","UNVERIFIED"
"NER-0326","National Democratic Front of Bodoland","NSAG","INSURGENT","","NDFB","IN","Bodo insurgent group","Wikipedia;South Asia Terrorism Portal","medium","","EXISTING","NEW","UNVERIFIED"
"NER-0327","People's Liberation Army (Manipur)","NSAG","INSURGENT","PLA Manipur","PLA","IN","Manipur insurgent group","Wikipedia;South Asia Terrorism Portal","medium","Abbrev PLA collides with Chinese PLA - require context","EXISTING","NEW","UNVERIFIED"
"NER-0328","United National Liberation Front","NSAG","INSURGENT","","UNLF","IN","Manipur insurgent group","Wikipedia;South Asia Terrorism Portal","medium","","EXISTING","NEW","UNVERIFIED"
"NER-0329","Babbar Khalsa International","NSAG","TERRORIST_DESIGNATED","","BKI","IN","Khalistani militant group","Wikipedia;MHA India (UAPA schedule);US State Department FTO list;South Asia Terrorism Portal","medium","","EXISTING","NEW","UNVERIFIED"
"NER-0330","Liberation Tigers of Tamil Eelam","NSAG","TERRORIST_DESIGNATED","Tamil Tigers","LTTE","LK","Defeated Sri Lankan Tamil insurgent group","Wikipedia;MHA India (UAPA schedule);US State Department FTO list;UCDP","high","Historical - ended 2009","EXISTING","NEW","UNVERIFIED"
"NER-0331","Arakan Army","NSAG","INSURGENT","","AA","MM","Rakhine armed group in Myanmar","Wikipedia;ACLED;UCDP","high","Abbrev AA ambiguous","EXISTING","NEW","UNVERIFIED"
"NER-0332","Arakan Rohingya Salvation Army","NSAG","INSURGENT","","ARSA","MM","Rohingya militant group","Wikipedia;ACLED","medium","","EXISTING","NEW","UNVERIFIED"
"NER-0333","Kachin Independence Army","NSAG","INSURGENT","","KIA","MM","Kachin armed group","Wikipedia;ACLED;UCDP","high","KIA also killed in action","EXISTING","NEW","UNVERIFIED"
"NER-0334","Karen National Liberation Army","NSAG","INSURGENT","","KNLA","MM","Karen armed group","Wikipedia;UCDP","medium","","EXISTING","NEW","UNVERIFIED"
"NER-0335","United Wa State Army","NSAG","INSURGENT","","UWSA","MM","Wa armed group","Wikipedia;UCDP","high","","EXISTING","NEW","UNVERIFIED"
"NER-0336","Ta'ang National Liberation Army","NSAG","INSURGENT","","TNLA","MM","Palaung armed group","Wikipedia;ACLED","medium","","EXISTING","NEW","UNVERIFIED"
"NER-0337","Myanmar National Democratic Alliance Army","NSAG","INSURGENT","","MNDAA","MM","Kokang armed group","Wikipedia;ACLED","medium","","EXISTING","NEW","UNVERIFIED"
"NER-0338","People's Defence Force (Myanmar)","NSAG","MILITIA","People's Defence Force","PDF","MM","Armed wing of National Unity Government","Wikipedia;ACLED","medium","PDF also file format","EXISTING","NEW","UNVERIFIED"
"NER-0339","Eastern Turkestan Islamic Movement","NSAG","TERRORIST_DESIGNATED","Turkistan Islamic Party","ETIM;TIP","CN;AF","Uyghur militant group per China and UN listing","Wikipedia;UN 1267 Sanctions List","medium","Contested - US removed ETIM from list in 2020","EXISTING","NEW","UNVERIFIED"
"NER-0340","Hamas","NSAG","TERRORIST_DESIGNATED","Islamic Resistance Movement","","PS","Palestinian Islamist organisation","Wikipedia;US State Department FTO list;UCDP","high","Also governed Gaza","EXISTING","NEW","UNVERIFIED"
"NER-0341","Hezbollah","NSAG","TERRORIST_DESIGNATED","Hizballah","","LB","Lebanese Shia political and armed group","Wikipedia;US State Department FTO list;UCDP","high","Designation status varies by country","EXISTING","NEW","UNVERIFIED"
"NER-0342","Houthis","NSAG","INSURGENT","Ansar Allah","","YE","Yemeni armed movement","Wikipedia;UCDP;US State Department FTO list","high","","EXISTING","NEW","UNVERIFIED"
"NER-0343","Islamic State","NSAG","TERRORIST_DESIGNATED","ISIS;ISIL;Daesh","IS","Global","Jihadist organisation","Wikipedia;UN 1267 Sanctions List;UCDP","high","","EXISTING","NEW","UNVERIFIED"
"NER-0344","Al-Shabaab","NSAG","TERRORIST_DESIGNATED","","","SO","Somali jihadist group","Wikipedia;UN 1267 Sanctions List;UCDP","high","","EXISTING","NEW","UNVERIFIED"
"NER-0345","Boko Haram","NSAG","TERRORIST_DESIGNATED","Jama'atu Ahlis Sunna Lidda'awati wal-Jihad","","NG","Nigerian jihadist group","Wikipedia;UN 1267 Sanctions List;UCDP","high","","EXISTING","NEW","UNVERIFIED"
"NER-0346","Hay'at Tahrir al-Sham","NSAG","INSURGENT","HTS","HTS","SY","Syrian armed group - governing authority after Dec 2024","Wikipedia;UCDP","medium","Status changed after 2024 - verify","EXISTING","NEW","UNVERIFIED"
"NER-0347","Kurdistan Workers' Party","NSAG","TERRORIST_DESIGNATED","","PKK","TR","Kurdish militant group","Wikipedia;US State Department FTO list;UCDP","high","Reported dissolution announcement 2025 - verify","EXISTING","NEW","UNVERIFIED"
"NER-0348","Wagner Group","NSAG","PMC","PMC Wagner","","RU","Russian private military company","Wikipedia;UCDP","high","Status changed after 2023 - verify","EXISTING","NEW","UNVERIFIED"
"NER-0349","Jaish al-Adl","NSAG","TERRORIST_DESIGNATED","","","IR;PK","Baloch militant group active in Iran-Pakistan border","Wikipedia","medium","","EXISTING","NEW","UNVERIFIED"
"NER-0350","Lashkar-e-Jhangvi","NSAG","TERRORIST_DESIGNATED","","LeJ","PK","Pakistani sectarian militant group","Wikipedia;UN 1267 Sanctions List","medium","","EXISTING","NEW","UNVERIFIED"
"NER-0351","Agni-I","WEAPON","MISSILE_BALLISTIC","Agni 1","","IN","Indian medium-range ballistic missile","CSIS Missile Threat;Wikipedia","high","Include version suffix in span","EXISTING","02_ENTITIES","UNVERIFIED"
"NER-0352","Agni-II","WEAPON","MISSILE_BALLISTIC","Agni 2","","IN","Indian medium-range ballistic missile","CSIS Missile Threat;Wikipedia","high","","EXISTING","02_ENTITIES","UNVERIFIED"
"NER-0353","Agni-III","WEAPON","MISSILE_BALLISTIC","Agni 3","","IN","Indian intermediate-range ballistic missile","CSIS Missile Threat;Wikipedia","high","","EXISTING","02_ENTITIES","UNVERIFIED"
"NER-0354","Agni-IV","WEAPON","MISSILE_BALLISTIC","Agni 4","","IN","Indian intermediate-range ballistic missile","CSIS Missile Threat;Wikipedia","high","","EXISTING","02_ENTITIES","UNVERIFIED"
"NER-0355","Agni-V","WEAPON","MISSILE_BALLISTIC","Agni 5","","IN","Indian long-range ballistic missile","CSIS Missile Threat;Wikipedia","high","Bare Agni = deity/fire - needs missile cue (02 sec 5)","EXISTING","02_ENTITIES","UNVERIFIED"
"NER-0356","Agni-Prime","WEAPON","MISSILE_BALLISTIC","Agni-P;Agni Prime","","IN","Indian next-generation medium-range ballistic missile","CSIS Missile Threat;Wikipedia","high","","EXISTING","NEW","UNVERIFIED"
"NER-0357","Prithvi-I","WEAPON","MISSILE_BALLISTIC","Prithvi 1","","IN","Indian short-range ballistic missile","CSIS Missile Threat;Wikipedia","high","","EXISTING","02_ENTITIES","UNVERIFIED"
"NER-0358","Prithvi-II","WEAPON","MISSILE_BALLISTIC","Prithvi 2","","IN","Indian short-range ballistic missile","CSIS Missile Threat;Wikipedia","high","Bare Prithvi = Earth and person name","EXISTING","02_ENTITIES","UNVERIFIED"
"NER-0359","Dhanush","WEAPON","MISSILE_BALLISTIC","","","IN","Indian naval short-range ballistic missile","CSIS Missile Threat;Wikipedia","medium","Dhanush also towed howitzer and common name","EXISTING","NEW","UNVERIFIED"
"NER-0360","Pralay","WEAPON","MISSILE_BALLISTIC","","","IN","Indian quasi-ballistic tactical missile","Wikipedia;Press Information Bureau","medium","Pralay = deluge in Hindi","EXISTING","NEW","UNVERIFIED"
"NER-0361","Shaurya","WEAPON","MISSILE_BALLISTIC","","","IN","Indian hypersonic tactical missile","CSIS Missile Threat;Wikipedia","medium","Shaurya also = gallantry","EXISTING","NEW","UNVERIFIED"
"NER-0362","K-15 Sagarika","WEAPON","MISSILE_BALLISTIC","Sagarika;K-15","K-15","IN","Indian submarine-launched ballistic missile","CSIS Missile Threat;Wikipedia","high","","EXISTING","NEW","UNVERIFIED"
"NER-0363","K-4","WEAPON","MISSILE_BALLISTIC","","","IN","Indian submarine-launched ballistic missile","CSIS Missile Threat;Wikipedia","high","K-4 ambiguity (02 sec 5)","EXISTING","02_ENTITIES","UNVERIFIED"
"NER-0364","K-5","WEAPON","MISSILE_BALLISTIC","","","IN","Reported Indian SLBM in development","Wikipedia","low","Public information limited - verify","EXISTING","02_ENTITIES","UNVERIFIED"
"NER-0365","Nirbhay","WEAPON","MISSILE_CRUISE","","","IN","Indian subsonic cruise missile","CSIS Missile Threat;Wikipedia","high","","EXISTING","NEW","UNVERIFIED"
"NER-0366","BrahMos","WEAPON","MISSILE_CRUISE","Brahmos;BrahMos-A","","IN;RU","Indo-Russian supersonic cruise missile","CSIS Missile Threat;Wikipedia;BrahMos Aerospace website","high","Low ambiguity - good gazetteer anchor","EXISTING","02_ENTITIES","UNVERIFIED"
"NER-0367","BrahMos-NG","WEAPON","MISSILE_CRUISE","BrahMos Next Generation","","IN;RU","Next-generation lighter BrahMos in development","Wikipedia;BrahMos Aerospace website","medium","","EXISTING","02_ENTITIES","UNVERIFIED"
"NER-0368","Akash","WEAPON","SAM","Akash Missile","","IN","Indian medium-range surface-to-air missile","CSIS Missile Threat;Wikipedia","high","Akash also = sky and first name","EXISTING","02_ENTITIES","UNVERIFIED"
"NER-0369","Akash-NG","WEAPON","SAM","Akash New Generation","","IN","Next-generation Akash","Wikipedia;Press Information Bureau","medium","","EXISTING","NEW","UNVERIFIED"
"NER-0370","MRSAM","WEAPON","SAM","Barak 8;Medium Range Surface to Air Missile","MRSAM","IN;IL","Indo-Israeli medium-range SAM","Wikipedia;Press Information Bureau","high","","EXISTING","NEW","UNVERIFIED"
"NER-0371","QRSAM","WEAPON","SAM","Quick Reaction Surface to Air Missile","QRSAM","IN","Indian quick-reaction SAM","Wikipedia;Press Information Bureau","medium","","EXISTING","NEW","UNVERIFIED"
"NER-0372","Astra","WEAPON","MISSILE_AAM","Astra Mk1","","IN","Indian beyond-visual-range air-to-air missile","Wikipedia;DRDO","high","Astra also = star and name; subtype MISSILE_AAM is PROPOSED","PROPOSED_SUBTYPE","NEW","UNVERIFIED"
"NER-0373","Nag","WEAPON","ATGM","","","IN","Indian anti-tank guided missile","CSIS Missile Threat;Wikipedia","high","Nag = snake","EXISTING","02_ENTITIES","UNVERIFIED"
"NER-0374","Helina","WEAPON","ATGM","","","IN","Helicopter-launched Nag variant","Wikipedia;DRDO","medium","","EXISTING","02_ENTITIES","UNVERIFIED"
"NER-0375","Pinaka","WEAPON","ARTILLERY","Pinaka MBRL","","IN","Indian multi-barrel rocket launcher","Wikipedia;DRDO","high","Pinaka = Shiva's bow","EXISTING","02_ENTITIES","UNVERIFIED"
"NER-0376","INSAS","WEAPON","SMALL_ARM","INSAS rifle","INSAS","IN","Indian Small Arms System rifle","Wikipedia","high","","EXISTING","02_ENTITIES","UNVERIFIED"
"NER-0377","AK-203","WEAPON","SMALL_ARM","","","IN;RU","Kalashnikov rifle manufactured in India","Wikipedia","high","","EXISTING","NEW","UNVERIFIED"
"NER-0378","K9 Vajra-T","WEAPON","ARTILLERY","K9 Vajra","","IN;KR","Indian self-propelled howitzer based on K9 Thunder","Wikipedia","high","","EXISTING","NEW","UNVERIFIED"
"NER-0379","ATAGS","WEAPON","ARTILLERY","Advanced Towed Artillery Gun System","ATAGS","IN","Indian towed 155 mm howitzer","Wikipedia;DRDO","high","","EXISTING","NEW","UNVERIFIED"
"NER-0380","M777","WEAPON","ARTILLERY","M777 howitzer","","US;GB;IN","155 mm towed howitzer","Wikipedia","high","","EXISTING","NEW","UNVERIFIED"
"NER-0381","Bofors FH-77B","WEAPON","ARTILLERY","Bofors gun","FH-77B","SE;IN","155 mm towed howitzer used by India","Wikipedia","high","","EXISTING","NEW","UNVERIFIED"
"NER-0382","Smerch","WEAPON","ARTILLERY","BM-30 Smerch","","RU;IN","Russian heavy multiple rocket launcher","Wikipedia","high","","EXISTING","NEW","UNVERIFIED"
"NER-0383","Ghauri","WEAPON","MISSILE_BALLISTIC","Hatf-V","","PK","Pakistani medium-range ballistic missile","CSIS Missile Threat;Wikipedia","high","Ghauri = historical ruler - needs missile cue (02 sec 5)","EXISTING","02_ENTITIES","UNVERIFIED"
"NER-0384","Ghaznavi","WEAPON","MISSILE_BALLISTIC","Hatf-III","","PK","Pakistani short-range ballistic missile","CSIS Missile Threat;Wikipedia","high","Historical ruler ambiguity","EXISTING","02_ENTITIES","UNVERIFIED"
"NER-0385","Abdali","WEAPON","MISSILE_BALLISTIC","Hatf-II","","PK","Pakistani short-range ballistic missile","CSIS Missile Threat;Wikipedia","high","Historical ruler ambiguity","EXISTING","02_ENTITIES","UNVERIFIED"
"NER-0386","Shaheen-I","WEAPON","MISSILE_BALLISTIC","Hatf-IV","","PK","Pakistani medium-range ballistic missile","CSIS Missile Threat;Wikipedia","high","","EXISTING","NEW","UNVERIFIED"
"NER-0387","Shaheen-II","WEAPON","MISSILE_BALLISTIC","","","PK","Pakistani medium-range ballistic missile","CSIS Missile Threat;Wikipedia","high","","EXISTING","NEW","UNVERIFIED"
"NER-0388","Shaheen-III","WEAPON","MISSILE_BALLISTIC","","","PK","Pakistani medium-range ballistic missile","CSIS Missile Threat;Wikipedia","high","Shaheen also exercise (Pak-China air)","EXISTING","02_ENTITIES","UNVERIFIED"
"NER-0389","Nasr","WEAPON","MISSILE_BALLISTIC","Hatf-IX","","PK","Pakistani short-range tactical ballistic missile","CSIS Missile Threat;Wikipedia","high","Nasr = victory","EXISTING","NEW","UNVERIFIED"
"NER-0390","Ababeel","WEAPON","MISSILE_BALLISTIC","","","PK","Pakistani MIRV-capable missile","CSIS Missile Threat;Wikipedia","medium","","EXISTING","NEW","UNVERIFIED"
"NER-0391","Ra'ad","WEAPON","MISSILE_CRUISE","Hatf-VIII","","PK","Pakistani air-launched cruise missile","CSIS Missile Threat;Wikipedia","high","","EXISTING","NEW","UNVERIFIED"
"NER-0392","Babur","WEAPON","MISSILE_CRUISE","Hatf-VII","","PK","Pakistani ground-launched cruise missile","CSIS Missile Threat;Wikipedia","high","Babur also Mughal emperor and PNS Babur (see PLATFORM_SEA)","EXISTING","02_ENTITIES","UNVERIFIED"
"NER-0393","Fatah-I","WEAPON","ARTILLERY","Fatah-1","","PK","Pakistani guided multiple rocket system","Wikipedia;ISPR Pakistan","low","Naming of Fatah series varies - verify","EXISTING","NEW","UNVERIFIED"
"NER-0394","Anza","WEAPON","MANPADS","","","PK","Pakistani man-portable SAM","Wikipedia","medium","Subtype MANPADS is PROPOSED","PROPOSED_SUBTYPE","NEW","UNVERIFIED"
"NER-0395","DF-5","WEAPON","MISSILE_BALLISTIC","Dongfeng-5","","CN","Chinese ICBM","CSIS Missile Threat;Wikipedia","high","DF-nn regex family (02 sec 7)","EXISTING","NEW","UNVERIFIED"
"NER-0396","DF-15","WEAPON","MISSILE_BALLISTIC","Dongfeng-15","","CN","Chinese short-range ballistic missile","CSIS Missile Threat;Wikipedia","high","","EXISTING","NEW","UNVERIFIED"
"NER-0397","DF-17","WEAPON","MISSILE_BALLISTIC","Dongfeng-17","","CN","Chinese hypersonic glide vehicle missile","CSIS Missile Threat;Wikipedia","high","","EXISTING","NEW","UNVERIFIED"
"NER-0398","DF-21","WEAPON","MISSILE_BALLISTIC","Dongfeng-21","","CN","Chinese medium-range ballistic missile","CSIS Missile Threat;Wikipedia","high","","EXISTING","NEW","UNVERIFIED"
"NER-0399","DF-21D","WEAPON","MISSILE_BALLISTIC","Dongfeng-21D","","CN","Chinese anti-ship ballistic missile","CSIS Missile Threat;Wikipedia","high","","EXISTING","02_ENTITIES","UNVERIFIED"
"NER-0400","DF-26","WEAPON","MISSILE_BALLISTIC","Dongfeng-26","","CN","Chinese intermediate-range ballistic missile","CSIS Missile Threat;Wikipedia","high","","EXISTING","NEW","UNVERIFIED"
"NER-0401","DF-31","WEAPON","MISSILE_BALLISTIC","Dongfeng-31","","CN","Chinese ICBM","CSIS Missile Threat;Wikipedia","high","","EXISTING","NEW","UNVERIFIED"
"NER-0402","DF-41","WEAPON","MISSILE_BALLISTIC","Dongfeng-41","","CN","Chinese ICBM","CSIS Missile Threat;Wikipedia","high","","EXISTING","NEW","UNVERIFIED"
"NER-0403","JL-2","WEAPON","MISSILE_BALLISTIC","Julang-2","","CN","Chinese submarine-launched ballistic missile","CSIS Missile Threat;Wikipedia","high","","EXISTING","NEW","UNVERIFIED"
"NER-0404","JL-3","WEAPON","MISSILE_BALLISTIC","Julang-3","","CN","Chinese submarine-launched ballistic missile","CSIS Missile Threat;Wikipedia","medium","","EXISTING","NEW","UNVERIFIED"
"NER-0405","YJ-18","WEAPON","MISSILE_CRUISE","","","CN","Chinese anti-ship cruise missile","CSIS Missile Threat;Wikipedia","high","","EXISTING","NEW","UNVERIFIED"
"NER-0406","YJ-21","WEAPON","MISSILE_BALLISTIC","","","CN","Chinese air-launched anti-ship ballistic missile","CSIS Missile Threat;Wikipedia","medium","","EXISTING","NEW","UNVERIFIED"
"NER-0407","HQ-9","WEAPON","SAM","HongQi-9","","CN","Chinese long-range SAM","CSIS Missile Threat;Wikipedia","high","Bare HQ = headquarters - not an entity (02)","EXISTING","02_ENTITIES","UNVERIFIED"
"NER-0408","HQ-16","WEAPON","SAM","HongQi-16","","CN","Chinese medium-range SAM","CSIS Missile Threat;Wikipedia","high","","EXISTING","NEW","UNVERIFIED"
"NER-0409","HQ-22","WEAPON","SAM","","","CN","Chinese SAM","Wikipedia","medium","","EXISTING","NEW","UNVERIFIED"
"NER-0410","PL-15","WEAPON","MISSILE_AAM","","","CN","Chinese long-range air-to-air missile","CSIS Missile Threat;Wikipedia","high","Subtype PROPOSED","PROPOSED_SUBTYPE","NEW","UNVERIFIED"
"NER-0411","CJ-10","WEAPON","MISSILE_CRUISE","Changjian-10","","CN","Chinese land-attack cruise missile","CSIS Missile Threat;Wikipedia","high","","EXISTING","NEW","UNVERIFIED"
"NER-0412","S-300","WEAPON","SAM","","","RU","Russian long-range SAM family","CSIS Missile Threat;Wikipedia","high","S-numbered ambiguity (02)","EXISTING","NEW","UNVERIFIED"
"NER-0413","S-400 Triumf","WEAPON","SAM","S-400;SA-21 Growler","S-400","RU","Russian long-range SAM system","CSIS Missile Threat;Wikipedia","high","Include Triumf when present (02 rule 6)","EXISTING","02_ENTITIES","UNVERIFIED"
"NER-0414","S-500","WEAPON","SAM","S-500 Prometey","","RU","Russian SAM system in development","Wikipedia","medium","","EXISTING","NEW","UNVERIFIED"
"NER-0415","Iskander","WEAPON","MISSILE_BALLISTIC","9K720 Iskander","","RU","Russian short-range ballistic missile system","CSIS Missile Threat;Wikipedia","high","","EXISTING","NEW","UNVERIFIED"
"NER-0416","Kinzhal","WEAPON","MISSILE_BALLISTIC","Kh-47M2 Kinzhal","","RU","Russian air-launched hypersonic missile","CSIS Missile Threat;Wikipedia","high","","EXISTING","NEW","UNVERIFIED"
"NER-0417","Kalibr","WEAPON","MISSILE_CRUISE","3M-54 Kalibr","","RU","Russian cruise missile family","CSIS Missile Threat;Wikipedia","high","","EXISTING","NEW","UNVERIFIED"
"NER-0418","Zircon","WEAPON","MISSILE_CRUISE","3M22 Zircon;Tsirkon","","RU","Russian hypersonic anti-ship missile","CSIS Missile Threat;Wikipedia","high","","EXISTING","NEW","UNVERIFIED"
"NER-0419","Sarmat","WEAPON","MISSILE_BALLISTIC","RS-28 Sarmat","","RU","Russian heavy ICBM","CSIS Missile Threat;Wikipedia","high","","EXISTING","NEW","UNVERIFIED"
"NER-0420","Yars","WEAPON","MISSILE_BALLISTIC","RS-24 Yars","","RU","Russian ICBM","CSIS Missile Threat;Wikipedia","high","","EXISTING","NEW","UNVERIFIED"
"NER-0421","Avangard","WEAPON","MISSILE_BALLISTIC","","","RU","Russian hypersonic glide vehicle","CSIS Missile Threat;Wikipedia","high","Avangard also = vanguard","EXISTING","NEW","UNVERIFIED"
"NER-0422","Pantsir-S1","WEAPON","SAM","Pantsir","","RU","Russian short-range air defence system","Wikipedia","high","","EXISTING","NEW","UNVERIFIED"
"NER-0423","Tomahawk","WEAPON","MISSILE_CRUISE","BGM-109 Tomahawk","","US","US cruise missile","CSIS Missile Threat;Wikipedia","high","Axe and sports team ambiguity (02)","EXISTING","02_ENTITIES","UNVERIFIED"
"NER-0424","Patriot","WEAPON","SAM","MIM-104 Patriot;PAC-3","","US","US SAM system","CSIS Missile Threat;Wikipedia","high","Adjective/noun ambiguity - capitalised + PAC-3 or battery cue","EXISTING","02_ENTITIES","UNVERIFIED"
"NER-0425","THAAD","WEAPON","SAM","Terminal High Altitude Area Defense","THAAD","US","US ballistic missile defence system","CSIS Missile Threat;Wikipedia","high","","EXISTING","NEW","UNVERIFIED"
"NER-0426","AIM-120 AMRAAM","WEAPON","MISSILE_AAM","AMRAAM","AIM-120","US","US beyond-visual-range air-to-air missile","Wikipedia","high","","PROPOSED_SUBTYPE","NEW","UNVERIFIED"
"NER-0427","AIM-9 Sidewinder","WEAPON","MISSILE_AAM","Sidewinder","AIM-9","US","US short-range air-to-air missile","Wikipedia","high","","PROPOSED_SUBTYPE","NEW","UNVERIFIED"
"NER-0428","AGM-114 Hellfire","WEAPON","MISSILE_AGM","Hellfire","AGM-114","US","US air-to-ground missile","Wikipedia","high","Subtype PROPOSED","PROPOSED_SUBTYPE","NEW","UNVERIFIED"
"NER-0429","FGM-148 Javelin","WEAPON","ATGM","Javelin","FGM-148","US","US man-portable ATGM","Wikipedia","high","Javelin object ambiguity (02)","EXISTING","02_ENTITIES","UNVERIFIED"
"NER-0430","FIM-92 Stinger","WEAPON","MANPADS","Stinger","FIM-92","US","US man-portable SAM","Wikipedia","high","Stinger object ambiguity (02)","PROPOSED_SUBTYPE","02_ENTITIES","UNVERIFIED"
"NER-0431","AGM-84 Harpoon","WEAPON","MISSILE_CRUISE","Harpoon","AGM-84","US","US anti-ship missile","Wikipedia","high","Harpoon object ambiguity (02)","EXISTING","02_ENTITIES","UNVERIFIED"
"NER-0432","JDAM","WEAPON","BOMB_PGM","Joint Direct Attack Munition","JDAM","US","US guidance kit for bombs","Wikipedia","high","","EXISTING","NEW","UNVERIFIED"
"NER-0433","LGM-30 Minuteman III","WEAPON","MISSILE_BALLISTIC","Minuteman III","LGM-30G","US","US ICBM","CSIS Missile Threat;Nuclear Notebook","high","","EXISTING","NEW","UNVERIFIED"
"NER-0434","Trident II","WEAPON","MISSILE_BALLISTIC","Trident II D5;UGM-133","D5","US;GB","US/UK submarine-launched ballistic missile","CSIS Missile Threat;Nuclear Notebook","high","","EXISTING","NEW","UNVERIFIED"
"NER-0435","LGM-35A Sentinel","WEAPON","MISSILE_BALLISTIC","Sentinel","GBSD","US","US next-generation ICBM","Wikipedia;Nuclear Notebook","high","Sentinel also programme name","EXISTING","NEW","UNVERIFIED"
"NER-0436","M142 HIMARS","WEAPON","ARTILLERY","HIMARS","HIMARS","US","US high-mobility rocket launcher","Wikipedia","high","","EXISTING","NEW","UNVERIFIED"
"NER-0437","MGM-140 ATACMS","WEAPON","MISSILE_BALLISTIC","ATACMS","ATACMS","US","US army tactical ballistic missile","Wikipedia","high","","EXISTING","NEW","UNVERIFIED"
"NER-0438","SM-3","WEAPON","SAM","Standard Missile-3","SM-3","US","US ship-launched missile defence interceptor","CSIS Missile Threat;Wikipedia","high","","EXISTING","NEW","UNVERIFIED"
"NER-0439","SM-6","WEAPON","SAM","Standard Missile-6","SM-6","US","US multi-role naval missile","Wikipedia","high","","EXISTING","NEW","UNVERIFIED"
"NER-0440","Mark 48","WEAPON","TORPEDO","Mk 48","","US","US heavyweight torpedo","Wikipedia","medium","Mk abbreviation variants","EXISTING","NEW","UNVERIFIED"
"NER-0441","B61","WEAPON","NUCLEAR_WEAPON","B61 nuclear bomb","","US","US nuclear gravity bomb","Nuclear Notebook;Wikipedia","high","","EXISTING","NEW","UNVERIFIED"
"NER-0442","Exocet","WEAPON","MISSILE_CRUISE","","","FR","French anti-ship missile","Wikipedia","high","","EXISTING","NEW","UNVERIFIED"
"NER-0443","Storm Shadow","WEAPON","MISSILE_CRUISE","SCALP-EG","","GB;FR","Air-launched cruise missile","Wikipedia","high","","EXISTING","NEW","UNVERIFIED"
"NER-0444","Meteor","WEAPON","MISSILE_AAM","","","EU","European beyond-visual-range air-to-air missile","Wikipedia","high","Meteor also natural object","PROPOSED_SUBTYPE","NEW","UNVERIFIED"
"NER-0445","Aster 30","WEAPON","SAM","SAMP/T","","FR;IT","European SAM","Wikipedia","high","","EXISTING","NEW","UNVERIFIED"
"NER-0446","Iron Dome","WEAPON","SAM","","","IL","Israeli short-range air defence system","CSIS Missile Threat;Wikipedia","high","","EXISTING","NEW","UNVERIFIED"
"NER-0447","David's Sling","WEAPON","SAM","","","IL","Israeli medium-range air defence system","CSIS Missile Threat;Wikipedia","high","","EXISTING","NEW","UNVERIFIED"
"NER-0448","Arrow 3","WEAPON","SAM","","","IL;US","Israeli exo-atmospheric interceptor","CSIS Missile Threat;Wikipedia","high","","EXISTING","NEW","UNVERIFIED"
"NER-0449","Spike","WEAPON","ATGM","","","IL","Israeli ATGM family","Wikipedia","high","Spike common noun ambiguity","EXISTING","NEW","UNVERIFIED"
"NER-0450","Shahab-3","WEAPON","MISSILE_BALLISTIC","","","IR","Iranian medium-range ballistic missile","CSIS Missile Threat;Wikipedia","high","","EXISTING","NEW","UNVERIFIED"
"NER-0451","Sejjil","WEAPON","MISSILE_BALLISTIC","","","IR","Iranian solid-fuel ballistic missile","CSIS Missile Threat;Wikipedia","high","","EXISTING","NEW","UNVERIFIED"
"NER-0452","Khorramshahr","WEAPON","MISSILE_BALLISTIC","","","IR","Iranian ballistic missile","CSIS Missile Threat;Wikipedia","high","Khorramshahr is also a city","EXISTING","NEW","UNVERIFIED"
"NER-0453","Fattah","WEAPON","MISSILE_BALLISTIC","Fattah-1","","IR","Iranian hypersonic missile claimed","Wikipedia","medium","Claims unverified by independent sources","EXISTING","NEW","UNVERIFIED"
"NER-0454","Hwasong-15","WEAPON","MISSILE_BALLISTIC","","","KP","North Korean ICBM","CSIS Missile Threat;Wikipedia","high","","EXISTING","NEW","UNVERIFIED"
"NER-0455","Hwasong-17","WEAPON","MISSILE_BALLISTIC","","","KP","North Korean ICBM","CSIS Missile Threat;Wikipedia","high","","EXISTING","NEW","UNVERIFIED"
"NER-0456","Hwasong-18","WEAPON","MISSILE_BALLISTIC","","","KP","North Korean solid-fuel ICBM","CSIS Missile Threat;Wikipedia","high","","EXISTING","NEW","UNVERIFIED"
"NER-0457","Hwasong-12","WEAPON","MISSILE_BALLISTIC","","","KP","North Korean intermediate-range ballistic missile","CSIS Missile Threat;Wikipedia","high","","EXISTING","NEW","UNVERIFIED"
"NER-0458","AK-47","WEAPON","SMALL_ARM","Kalashnikov","AK-47","RU","Soviet assault rifle","Wikipedia","high","","EXISTING","NEW","UNVERIFIED"
"NER-0459","M4 carbine","WEAPON","SMALL_ARM","M4","M4","US","US assault carbine","Wikipedia","high","M4 ambiguity (motorway etc.)","EXISTING","NEW","UNVERIFIED"
"NER-0460","Tejas Mk1A","PLATFORM_AIR","FIGHTER","Tejas;HAL Tejas;LCA Tejas Mk1A","LCA","IN","Indian light combat aircraft upgraded variant","Wikipedia;HAL website","high","Tejas Express train and name ambiguity (02)","EXISTING","02_ENTITIES","UNVERIFIED"
"NER-0461","Tejas Mk2","PLATFORM_AIR","FIGHTER","Medium Weight Fighter","LCA Mk2","IN","Indian medium-weight fighter in development","Wikipedia;Press Information Bureau","medium","","EXISTING","NEW","UNVERIFIED"
"NER-0462","Su-30MKI","PLATFORM_AIR","FIGHTER","Sukhoi Su-30MKI;Flanker-H","","IN;RU","Indian-licensed Russian multirole fighter","Wikipedia;Indian Air Force website","high","","EXISTING","02_ENTITIES","UNVERIFIED"
"NER-0463","Rafale","PLATFORM_AIR","FIGHTER","Dassault Rafale","","FR;IN","French multirole fighter operated by India","Wikipedia;Indian Air Force website","high","Low ambiguity; French gust meaning","EXISTING","02_ENTITIES","UNVERIFIED"
"NER-0464","Mirage 2000","PLATFORM_AIR","FIGHTER","Mirage 2000H;Mirage 2000I","","FR;IN","French fighter operated by IAF","Wikipedia","high","Mirage optical illusion (02)","EXISTING","02_ENTITIES","UNVERIFIED"
"NER-0465","Jaguar","PLATFORM_AIR","FIGHTER","SEPECAT Jaguar","","GB;FR;IN","Strike aircraft operated by IAF","Wikipedia","high","Jaguar animal and car brand","EXISTING","NEW","UNVERIFIED"
"NER-0466","MiG-29","PLATFORM_AIR","FIGHTER","MiG-29UPG;Fulcrum","","RU;IN","Russian fighter operated by IAF","Wikipedia","high","","EXISTING","NEW","UNVERIFIED"
"NER-0467","MiG-21 Bison","PLATFORM_AIR","FIGHTER","MiG-21;Fishbed","","RU;IN","Upgraded MiG-21 in IAF service retired 2025","Wikipedia","medium","Retirement date to verify","EXISTING","NEW","UNVERIFIED"
"NER-0468","HAL Dhruv","PLATFORM_AIR","HELO","ALH Dhruv;Dhruv","ALH","IN","Indian Advanced Light Helicopter","Wikipedia;HAL website","high","Dhruv name ambiguity (02)","EXISTING","02_ENTITIES","UNVERIFIED"
"NER-0469","HAL Rudra","PLATFORM_AIR","HELO","Rudra;ALH WSI","","IN","Armed variant of Dhruv","Wikipedia;HAL website","high","Rudra deity ambiguity","EXISTING","02_ENTITIES","UNVERIFIED"
"NER-0470","HAL Light Combat Helicopter","PLATFORM_AIR","HELO","LCH;Prachand","LCH","IN","Indian attack helicopter","Wikipedia;HAL website","high","Prachand also name","EXISTING","NEW","UNVERIFIED"
"NER-0471","AH-64E Apache","PLATFORM_AIR","HELO","Apache AH-64E;Apache Guardian","AH-64E","US;IN","US attack helicopter operated by India","Wikipedia","high","Apache tribe ambiguity","EXISTING","02_ENTITIES","UNVERIFIED"
"NER-0472","CH-47F Chinook","PLATFORM_AIR","HELO","Chinook","CH-47F","US;IN","US heavy-lift helicopter","Wikipedia","high","Chinook people ambiguity","EXISTING","NEW","UNVERIFIED"
"NER-0473","Mi-17","PLATFORM_AIR","HELO","Mi-17V5;Hip","","RU;IN","Russian transport helicopter","Wikipedia","high","","EXISTING","NEW","UNVERIFIED"
"NER-0474","C-17 Globemaster III","PLATFORM_AIR","TRANSPORT","C-17","C-17","US;IN","US strategic airlifter","Wikipedia","high","","EXISTING","NEW","UNVERIFIED"
"NER-0475","C-130J Super Hercules","PLATFORM_AIR","TRANSPORT","C-130J","C-130J","US;IN","US tactical airlifter","Wikipedia","high","","EXISTING","NEW","UNVERIFIED"
"NER-0476","P-8I Neptune","PLATFORM_AIR","MPA","P-8I","P-8I","US;IN","Indian maritime patrol aircraft","Wikipedia;Indian Navy website","high","P-8I vs P-75I programme ambiguity (02); subtype MPA is PROPOSED","PROPOSED_SUBTYPE","02_ENTITIES","UNVERIFIED"
"NER-0477","MQ-9B","PLATFORM_AIR","UAV","MQ-9B SeaGuardian;MQ-9B SkyGuardian","MQ-9B","US;IN","US medium-altitude long-endurance drone","Wikipedia","high","","EXISTING","02_ENTITIES","UNVERIFIED"
"NER-0478","Netra AEW&C","PLATFORM_AIR","AEW","Netra;Embraer EMB-145I","Netra","IN;BR","Indian airborne early warning aircraft","Wikipedia;DRDO","high","Netra may refer to aircraft or radar - tag by context (02)","EXISTING","02_ENTITIES","UNVERIFIED"
"NER-0479","A-50EI Phalcon","PLATFORM_AIR","AEW","Phalcon","","RU;IL;IN","Indian airborne early warning aircraft","Wikipedia","medium","","EXISTING","NEW","UNVERIFIED"
"NER-0480","JF-17 Thunder","PLATFORM_AIR","FIGHTER","JF-17;FC-1 Xiaolong","JF-17","PK;CN","Pakistan-China light fighter","Wikipedia;Pakistan Navy website;Pakistan Air Force website","high","Include Thunder when attached (02 rule 2)","EXISTING","02_ENTITIES","UNVERIFIED"
"NER-0481","F-16 Fighting Falcon","PLATFORM_AIR","FIGHTER","F-16","F-16","US;PK","US fighter operated by Pakistan","Wikipedia","high","F-16 form-number ambiguity (02)","EXISTING","NEW","UNVERIFIED"
"NER-0482","J-10C","PLATFORM_AIR","FIGHTER","J-10CE;Vigorous Dragon","","CN;PK","Chinese multirole fighter exported to Pakistan","Wikipedia","high","","EXISTING","NEW","UNVERIFIED"
"NER-0483","Mirage III","PLATFORM_AIR","FIGHTER","Mirage 5","","FR;PK","French fighter in Pakistani service","Wikipedia","medium","","EXISTING","NEW","UNVERIFIED"
"NER-0484","Saab 2000 Erieye","PLATFORM_AIR","AEW","Erieye","","SE;PK","Swedish airborne early warning aircraft","Wikipedia","medium","","EXISTING","NEW","UNVERIFIED"
"NER-0485","Wing Loong II","PLATFORM_AIR","UAV","","","CN","Chinese combat drone","Wikipedia","high","","EXISTING","NEW","UNVERIFIED"
"NER-0486","Bayraktar TB2","PLATFORM_AIR","UAV","TB2","TB2","TR","Turkish combat drone","Wikipedia","high","","EXISTING","NEW","UNVERIFIED"
"NER-0487","J-20","PLATFORM_AIR","FIGHTER","Mighty Dragon;Chengdu J-20","","CN","Chinese stealth fighter","Wikipedia;DoD China Military Power Report","high","Regex J-nn (02 sec 7)","EXISTING","02_ENTITIES","UNVERIFIED"
"NER-0488","J-16","PLATFORM_AIR","FIGHTER","","","CN","Chinese multirole strike fighter","Wikipedia","high","","EXISTING","NEW","UNVERIFIED"
"NER-0489","J-15","PLATFORM_AIR","FIGHTER","Flying Shark","","CN","Chinese carrier-based fighter","Wikipedia","high","","EXISTING","NEW","UNVERIFIED"
"NER-0490","J-35","PLATFORM_AIR","FIGHTER","FC-31;Gyrfalcon","","CN","Chinese stealth fighter in development","Wikipedia","medium","F-1-style ambiguity (02)","EXISTING","02_ENTITIES","UNVERIFIED"
"NER-0491","H-6K","PLATFORM_AIR","BOMBER","H-6","","CN","Chinese strategic bomber","Wikipedia;DoD China Military Power Report","high","Subtype BOMBER is PROPOSED","PROPOSED_SUBTYPE","NEW","UNVERIFIED"
"NER-0492","Y-20","PLATFORM_AIR","TRANSPORT","Kunpeng","","CN","Chinese strategic airlifter","Wikipedia","high","","EXISTING","NEW","UNVERIFIED"
"NER-0493","KJ-500","PLATFORM_AIR","AEW","","","CN","Chinese airborne early warning aircraft","Wikipedia","medium","","EXISTING","NEW","UNVERIFIED"
"NER-0494","Z-10","PLATFORM_AIR","HELO","","","CN","Chinese attack helicopter","Wikipedia","high","","EXISTING","NEW","UNVERIFIED"
"NER-0495","Su-35S","PLATFORM_AIR","FIGHTER","Su-35;Flanker-E","","RU","Russian multirole fighter","Wikipedia","high","","EXISTING","NEW","UNVERIFIED"
"NER-0496","Su-57","PLATFORM_AIR","FIGHTER","Felon","","RU","Russian stealth fighter","Wikipedia","high","","EXISTING","NEW","UNVERIFIED"
"NER-0497","Su-34","PLATFORM_AIR","FIGHTER","Fullback","","RU","Russian strike aircraft","Wikipedia","high","","EXISTING","NEW","UNVERIFIED"
"NER-0498","Tu-160","PLATFORM_AIR","BOMBER","White Swan;Blackjack","","RU","Russian strategic bomber","Wikipedia","high","","PROPOSED_SUBTYPE","NEW","UNVERIFIED"
"NER-0499","Tu-95","PLATFORM_AIR","BOMBER","Bear","","RU","Russian strategic bomber","Wikipedia","high","Bear animal ambiguity","PROPOSED_SUBTYPE","NEW","UNVERIFIED"
"NER-0500","Ka-52","PLATFORM_AIR","HELO","Alligator","","RU","Russian attack helicopter","Wikipedia","high","","EXISTING","NEW","UNVERIFIED"
"NER-0501","F-35 Lightning II","PLATFORM_AIR","FIGHTER","F-35;Joint Strike Fighter","F-35","US","US stealth fighter family","Wikipedia","high","F-35A F-35B F-35C variants","EXISTING","NEW","UNVERIFIED"
"NER-0502","F-22 Raptor","PLATFORM_AIR","FIGHTER","F-22","F-22","US","US stealth air superiority fighter","Wikipedia","high","","EXISTING","NEW","UNVERIFIED"
"NER-0503","F-15","PLATFORM_AIR","FIGHTER","Eagle;Strike Eagle","F-15","US","US fighter","Wikipedia","high","","EXISTING","NEW","UNVERIFIED"
"NER-0504","F/A-18 Super Hornet","PLATFORM_AIR","FIGHTER","Super Hornet","F/A-18E/F","US","US carrier fighter","Wikipedia","high","","EXISTING","NEW","UNVERIFIED"
"NER-0505","A-10 Thunderbolt II","PLATFORM_AIR","FIGHTER","Warthog","A-10","US","US close air support aircraft","Wikipedia","high","","EXISTING","NEW","UNVERIFIED"
"NER-0506","B-52 Stratofortress","PLATFORM_AIR","BOMBER","B-52","B-52","US","US strategic bomber","Wikipedia","high","","PROPOSED_SUBTYPE","NEW","UNVERIFIED"
"NER-0507","B-2 Spirit","PLATFORM_AIR","BOMBER","B-2","B-2","US","US stealth bomber","Wikipedia","high","","PROPOSED_SUBTYPE","NEW","UNVERIFIED"
"NER-0508","B-21 Raider","PLATFORM_AIR","BOMBER","B-21","B-21","US","US next-generation stealth bomber","Wikipedia","high","","PROPOSED_SUBTYPE","NEW","UNVERIFIED"
"NER-0509","E-3 Sentry","PLATFORM_AIR","AEW","AWACS","E-3","US","US airborne warning and control aircraft","Wikipedia","high","","EXISTING","NEW","UNVERIFIED"
"NER-0510","MQ-9 Reaper","PLATFORM_AIR","UAV","Reaper","MQ-9","US","US combat drone","Wikipedia","high","Reaper common noun ambiguity","EXISTING","NEW","UNVERIFIED"
"NER-0511","RQ-4 Global Hawk","PLATFORM_AIR","UAV","Global Hawk","RQ-4","US","US high-altitude surveillance drone","Wikipedia","high","","EXISTING","NEW","UNVERIFIED"
"NER-0512","V-22 Osprey","PLATFORM_AIR","HELO","Osprey","V-22","US","US tiltrotor","Wikipedia","high","Osprey bird ambiguity","EXISTING","NEW","UNVERIFIED"
"NER-0513","Eurofighter Typhoon","PLATFORM_AIR","FIGHTER","Typhoon","","EU","European multirole fighter","Wikipedia","high","Typhoon weather ambiguity (02)","EXISTING","NEW","UNVERIFIED"
"NER-0514","Gripen","PLATFORM_AIR","FIGHTER","JAS 39 Gripen","","SE","Swedish fighter","Wikipedia","high","","EXISTING","NEW","UNVERIFIED"
"NER-0515","Shahed-136","PLATFORM_AIR","UAV","Geran-2","","IR;RU","Iranian-designed loitering munition","Wikipedia;Oryx","high","Also munition - subtype ambiguity","EXISTING","NEW","UNVERIFIED"
"NER-0516","Arjun Mk1A","PLATFORM_LAND","MBT","Arjun;Arjun MBT","","IN","Indian main battle tank","Wikipedia;DRDO","high","Arjun = epic hero and name (02)","EXISTING","02_ENTITIES","UNVERIFIED"
"NER-0517","T-90 Bhishma","PLATFORM_LAND","MBT","T-90S;Bhishma","","RU;IN","Russian-designed MBT in Indian service","Wikipedia","high","Include nickname when attached (02 rule 2)","EXISTING","02_ENTITIES","UNVERIFIED"
"NER-0518","T-72 Ajeya","PLATFORM_LAND","MBT","T-72;Ajeya","","RU;IN","Russian-designed MBT in Indian service","Wikipedia","high","T-72 also tank in Russia and elsewhere","EXISTING","NEW","UNVERIFIED"
"NER-0519","BMP-2 Sarath","PLATFORM_LAND","IFV","BMP-2;Sarath","","RU;IN","Infantry fighting vehicle","Wikipedia","high","","EXISTING","NEW","UNVERIFIED"
"NER-0520","Zorawar","PLATFORM_LAND","MBT","Zorawar light tank","","IN","Indian light tank in development","Wikipedia;Press Information Bureau","medium","Subtype LIGHT_TANK would be PROPOSED","EXISTING","NEW","UNVERIFIED"
"NER-0521","Al-Khalid","PLATFORM_LAND","MBT","MBT-2000","","PK;CN","Pakistan-China main battle tank","Wikipedia","high","","EXISTING","02_ENTITIES","UNVERIFIED"
"NER-0522","Al-Zarrar","PLATFORM_LAND","MBT","","","PK","Upgraded T-59 in Pakistani service","Wikipedia","medium","","EXISTING","NEW","UNVERIFIED"
"NER-0523","VT-4","PLATFORM_LAND","MBT","MBT-3000","","CN;PK","Chinese main battle tank exported to Pakistan","Wikipedia","medium","","EXISTING","NEW","UNVERIFIED"
"NER-0524","Type 99A","PLATFORM_LAND","MBT","ZTZ-99A","","CN","Chinese main battle tank","Wikipedia;DoD China Military Power Report","high","","EXISTING","02_ENTITIES","UNVERIFIED"
"NER-0525","Type 15","PLATFORM_LAND","MBT","ZTQ-15;Type 15 light tank","","CN","Chinese light tank used in Tibet","Wikipedia","medium","Type nn ambiguity with ships and rifles","EXISTING","NEW","UNVERIFIED"
"NER-0526","T-14 Armata","PLATFORM_LAND","MBT","Armata","","RU","Russian next-generation tank","Wikipedia","high","","EXISTING","NEW","UNVERIFIED"
"NER-0527","T-90M","PLATFORM_LAND","MBT","Proryv","","RU","Russian upgraded tank","Wikipedia","high","","EXISTING","NEW","UNVERIFIED"
"NER-0528","M1 Abrams","PLATFORM_LAND","MBT","Abrams","","US","US main battle tank","Wikipedia","high","","EXISTING","NEW","UNVERIFIED"
"NER-0529","M2 Bradley","PLATFORM_LAND","IFV","Bradley","","US","US infantry fighting vehicle","Wikipedia","high","","EXISTING","NEW","UNVERIFIED"
"NER-0530","Leopard 2","PLATFORM_LAND","MBT","","","DE","German main battle tank","Wikipedia","high","","EXISTING","NEW","UNVERIFIED"
"NER-0531","Challenger 2","PLATFORM_LAND","MBT","","","GB","British main battle tank","Wikipedia","high","","EXISTING","NEW","UNVERIFIED"
"NER-0532","Merkava","PLATFORM_LAND","MBT","","","IL","Israeli main battle tank","Wikipedia","high","","EXISTING","NEW","UNVERIFIED"
"NER-0533","K2 Black Panther","PLATFORM_LAND","MBT","K2","","KR","South Korean main battle tank","Wikipedia","high","","EXISTING","NEW","UNVERIFIED"
"NER-0534","INS Vikrant","PLATFORM_SEA","VESSEL","Vikrant;IAC-1;R11","","IN","Indian indigenous aircraft carrier","Wikipedia;Indian Navy website","high","Pennant R11 - Vikrant name also earlier carrier (02)","EXISTING","02_ENTITIES","UNVERIFIED"
"NER-0535","INS Vikramaditya","PLATFORM_SEA","VESSEL","Vikramaditya;R33;Admiral Gorshkov (former)","","IN","Indian aircraft carrier ex-Russian","Wikipedia;Indian Navy website","high","","EXISTING","02_ENTITIES","UNVERIFIED"
"NER-0536","INS Arihant","PLATFORM_SEA","SUBMARINE","Arihant;S2","","IN","Indian nuclear ballistic missile submarine","Wikipedia;Indian Navy website","high","","EXISTING","NEW","UNVERIFIED"
"NER-0537","INS Arighaat","PLATFORM_SEA","SUBMARINE","Arighat;S3","","IN","Indian nuclear ballistic missile submarine","Wikipedia;Press Information Bureau","medium","Spelling varies","EXISTING","NEW","UNVERIFIED"
"NER-0538","INS Kolkata","PLATFORM_SEA","VESSEL","D63","","IN","Lead ship of Kolkata-class","Wikipedia;Indian Navy website","high","","EXISTING","NEW","UNVERIFIED"
"NER-0539","INS Visakhapatnam","PLATFORM_SEA","VESSEL","D66","","IN","Lead ship of Visakhapatnam-class","Wikipedia;Indian Navy website","medium","Pennant verification needed","EXISTING","NEW","UNVERIFIED"
"NER-0540","Kolkata-class","PLATFORM_SEA","CLASS","Project 15A","","IN","Indian guided-missile destroyer class","Wikipedia;Indian Navy website","high","Word destroyer outside span (02 rule 4)","EXISTING","02_ENTITIES","UNVERIFIED"
"NER-0541","Visakhapatnam-class","PLATFORM_SEA","CLASS","Project 15B","","IN","Indian guided-missile destroyer class","Wikipedia;Indian Navy website","high","","EXISTING","NEW","UNVERIFIED"
"NER-0542","Delhi-class","PLATFORM_SEA","CLASS","Project 15","","IN","Indian guided-missile destroyer class","Wikipedia","high","","EXISTING","NEW","UNVERIFIED"
"NER-0543","Shivalik-class","PLATFORM_SEA","CLASS","Project 17","","IN","Indian stealth frigate class","Wikipedia","high","","EXISTING","NEW","UNVERIFIED"
"NER-0544","Nilgiri-class","PLATFORM_SEA","CLASS","Project 17A","","IN","Indian stealth frigate class","Wikipedia;Indian Navy website","high","","EXISTING","NEW","UNVERIFIED"
"NER-0545","Talwar-class","PLATFORM_SEA","CLASS","Project 1135.6","","IN;RU","Indian frigate class built in Russia","Wikipedia","high","","EXISTING","NEW","UNVERIFIED"
"NER-0546","Kalvari-class","PLATFORM_SEA","CLASS","Scorpene-class;Project 75","","IN;FR","Indian diesel-electric submarine class","Wikipedia;Indian Navy website","high","","EXISTING","NEW","UNVERIFIED"
"NER-0547","Sindhughosh-class","PLATFORM_SEA","CLASS","Kilo-class;Project 877","","IN;RU","Indian diesel-electric submarine class","Wikipedia","high","Kilo-class also used by other navies","EXISTING","NEW","UNVERIFIED"
"NER-0548","Arihant-class","PLATFORM_SEA","CLASS","","","IN","Indian nuclear ballistic missile submarine class","Wikipedia;Indian Navy website","high","","EXISTING","02_ENTITIES","UNVERIFIED"
"NER-0549","Kamorta-class","PLATFORM_SEA","CLASS","Project 28","","IN","Indian anti-submarine corvette class","Wikipedia","high","","EXISTING","NEW","UNVERIFIED"
"NER-0550","PNS Babur","PLATFORM_SEA","VESSEL","Babur","","PK;TR","Pakistan Navy Babur-class corvette","Wikipedia;Pakistan Navy website;Pakistan Air Force website","medium","Babur also cruise missile and Mughal emperor (02)","EXISTING","02_ENTITIES","UNVERIFIED"
"NER-0551","Hangor-class","PLATFORM_SEA","CLASS","","","PK;CN","Pakistan diesel-electric submarine class built with China","Wikipedia;Pakistan Navy website;Pakistan Air Force website","high","","EXISTING","NEW","UNVERIFIED"
"NER-0552","Zulfiquar-class","PLATFORM_SEA","CLASS","F-22P","","PK;CN","Pakistan Navy frigate class","Wikipedia","medium","","EXISTING","NEW","UNVERIFIED"
"NER-0553","Agosta 90B-class","PLATFORM_SEA","CLASS","Khalid-class","","PK;FR","Pakistan diesel-electric submarine class","Wikipedia","medium","","EXISTING","NEW","UNVERIFIED"
"NER-0554","Liaoning","PLATFORM_SEA","VESSEL","CV-16","","CN","PLAN first aircraft carrier","Wikipedia;DoD China Military Power Report","high","Liaoning also province","EXISTING","NEW","UNVERIFIED"
"NER-0555","Shandong","PLATFORM_SEA","VESSEL","CV-17","","CN","PLAN second aircraft carrier","Wikipedia;DoD China Military Power Report","high","Shandong also province","EXISTING","NEW","UNVERIFIED"
"NER-0556","Fujian","PLATFORM_SEA","VESSEL","CV-18;Type 003","","CN","PLAN third aircraft carrier","Wikipedia;DoD China Military Power Report","high","Fujian also province","EXISTING","NEW","UNVERIFIED"
"NER-0557","Type 055","PLATFORM_SEA","CLASS","Renhai-class","","CN","Chinese guided-missile cruiser class","Wikipedia;DoD China Military Power Report","high","","EXISTING","02_ENTITIES","UNVERIFIED"
"NER-0558","Type 052D","PLATFORM_SEA","CLASS","Luyang III-class","","CN","Chinese guided-missile destroyer class","Wikipedia;DoD China Military Power Report","high","","EXISTING","NEW","UNVERIFIED"
"NER-0559","Type 054A","PLATFORM_SEA","CLASS","Jiangkai II-class","","CN","Chinese frigate class","Wikipedia","high","","EXISTING","NEW","UNVERIFIED"
"NER-0560","Type 075","PLATFORM_SEA","CLASS","Yushen-class","","CN","Chinese amphibious assault ship class","Wikipedia;DoD China Military Power Report","high","","EXISTING","NEW","UNVERIFIED"
"NER-0561","Type 094","PLATFORM_SEA","CLASS","Jin-class","","CN","Chinese ballistic missile submarine class","Wikipedia;DoD China Military Power Report","high","","EXISTING","NEW","UNVERIFIED"
"NER-0562","Type 093","PLATFORM_SEA","CLASS","Shang-class","","CN","Chinese nuclear attack submarine class","Wikipedia;DoD China Military Power Report","high","","EXISTING","NEW","UNVERIFIED"
"NER-0563","Type 039A","PLATFORM_SEA","CLASS","Yuan-class","","CN","Chinese diesel-electric submarine class","Wikipedia","high","","EXISTING","NEW","UNVERIFIED"
"NER-0564","USS Nimitz","PLATFORM_SEA","VESSEL","CVN-68","","US","US aircraft carrier","Wikipedia;US Navy fact files","high","","EXISTING","02_ENTITIES","UNVERIFIED"
"NER-0565","USS Gerald R. Ford","PLATFORM_SEA","VESSEL","CVN-78","","US","US aircraft carrier","Wikipedia;US Navy fact files","high","","EXISTING","NEW","UNVERIFIED"
"NER-0566","USS Carl Vinson","PLATFORM_SEA","VESSEL","CVN-70","","US","US aircraft carrier","Wikipedia;US Navy fact files","high","","EXISTING","NEW","UNVERIFIED"
"NER-0567","Nimitz-class","PLATFORM_SEA","CLASS","","","US","US nuclear aircraft carrier class","Wikipedia;US Navy fact files","high","","EXISTING","NEW","UNVERIFIED"
"NER-0568","Gerald R. Ford-class","PLATFORM_SEA","CLASS","Ford-class","","US","US nuclear aircraft carrier class","Wikipedia;US Navy fact files","high","Ford-class ambiguous","EXISTING","NEW","UNVERIFIED"
"NER-0569","Arleigh Burke-class","PLATFORM_SEA","CLASS","","","US","US guided-missile destroyer class","Wikipedia;US Navy fact files","high","","EXISTING","NEW","UNVERIFIED"
"NER-0570","Virginia-class","PLATFORM_SEA","CLASS","","","US","US nuclear attack submarine class","Wikipedia;US Navy fact files","high","","EXISTING","NEW","UNVERIFIED"
"NER-0571","Ohio-class","PLATFORM_SEA","CLASS","","","US","US ballistic missile submarine class","Wikipedia;US Navy fact files","high","","EXISTING","NEW","UNVERIFIED"
"NER-0572","Columbia-class","PLATFORM_SEA","CLASS","","","US","US ballistic missile submarine class under construction","Wikipedia;US Navy fact files","high","","EXISTING","NEW","UNVERIFIED"
"NER-0573","Admiral Kuznetsov","PLATFORM_SEA","VESSEL","","","RU","Russian aircraft carrier","Wikipedia","high","","EXISTING","NEW","UNVERIFIED"
"NER-0574","Borei-class","PLATFORM_SEA","CLASS","Project 955","","RU","Russian ballistic missile submarine class","Wikipedia;Nuclear Notebook","high","","EXISTING","NEW","UNVERIFIED"
"NER-0575","Yasen-class","PLATFORM_SEA","CLASS","Project 885","","RU","Russian nuclear attack submarine class","Wikipedia","high","","EXISTING","NEW","UNVERIFIED"
"NER-0576","Kirov-class","PLATFORM_SEA","CLASS","","","RU","Russian battlecruiser class","Wikipedia","high","","EXISTING","NEW","UNVERIFIED"
"NER-0577","Moskva","PLATFORM_SEA","VESSEL","Russian cruiser Moskva","","RU","Russian Slava-class cruiser sunk April 2022","Wikipedia","high","Moskva also city/river - historical vessel","EXISTING","NEW","UNVERIFIED"
"NER-0578","HMS Queen Elizabeth","PLATFORM_SEA","VESSEL","R08","","GB","UK aircraft carrier","Wikipedia","high","","EXISTING","NEW","UNVERIFIED"
"NER-0579","HMS Prince of Wales","PLATFORM_SEA","VESSEL","R09","","GB","UK aircraft carrier","Wikipedia","high","","EXISTING","NEW","UNVERIFIED"
"NER-0580","Vanguard-class","PLATFORM_SEA","CLASS","","","GB","UK ballistic missile submarine class","Wikipedia;Nuclear Notebook","high","","EXISTING","NEW","UNVERIFIED"
"NER-0581","Astute-class","PLATFORM_SEA","CLASS","","","GB","UK nuclear attack submarine class","Wikipedia","high","","EXISTING","NEW","UNVERIFIED"
"NER-0582","Charles de Gaulle","PLATFORM_SEA","VESSEL","R91","","FR","French aircraft carrier","Wikipedia","high","Charles de Gaulle also person and airport","EXISTING","NEW","UNVERIFIED"
"NER-0583","BNS Somudra Joy","PLATFORM_SEA","VESSEL","","","BD","Bangladesh Navy frigate ex-US Coast Guard cutter","Wikipedia","medium","","EXISTING","NEW","UNVERIFIED"
"NER-0584","BNS Nabajatra","PLATFORM_SEA","SUBMARINE","","","BD;CN","Bangladesh Navy submarine","Wikipedia","medium","","EXISTING","NEW","UNVERIFIED"
"NER-0585","Swordfish LRTR","SENSOR_C4ISR","RADAR","Swordfish","LRTR","IN;IL","Indian long-range tracking radar for BMD","Wikipedia;DRDO","medium","","EXISTING","02_ENTITIES","UNVERIFIED"
"NER-0586","RISAT-2B","SENSOR_C4ISR","SATELLITE","RISAT-2B","","IN","Indian radar imaging reconnaissance satellite","Wikipedia;ISRO","high","","EXISTING","02_ENTITIES","UNVERIFIED"
"NER-0587","RISAT-2BR1","SENSOR_C4ISR","SATELLITE","","","IN","Indian radar imaging satellite","Wikipedia;ISRO","high","","EXISTING","NEW","UNVERIFIED"
"NER-0588","Cartosat-3","SENSOR_C4ISR","SATELLITE","","","IN","Indian optical imaging satellite","Wikipedia;ISRO","high","","EXISTING","NEW","UNVERIFIED"
"NER-0589","GSAT-7","SENSOR_C4ISR","SATELLITE","Rukmini","","IN","Indian naval communications satellite","Wikipedia;ISRO","high","","EXISTING","NEW","UNVERIFIED"
"NER-0590","GSAT-7A","SENSOR_C4ISR","SATELLITE","Angry Bird","","IN","Indian air force communications satellite","Wikipedia;ISRO","high","","EXISTING","NEW","UNVERIFIED"
"NER-0591","EMISAT","SENSOR_C4ISR","SATELLITE","","","IN","Indian electronic intelligence satellite","Wikipedia;ISRO","high","","EXISTING","NEW","UNVERIFIED"
"NER-0592","Uttam","SENSOR_C4ISR","RADAR","Uttam AESA radar","","IN","Indian AESA radar for Tejas","Wikipedia;DRDO","medium","Uttam = best and name","EXISTING","NEW","UNVERIFIED"
"NER-0593","NavIC","SENSOR_C4ISR","SATELLITE","IRNSS","NavIC","IN","Indian regional navigation satellite system","Wikipedia;ISRO","high","","EXISTING","NEW","UNVERIFIED"
"NER-0594","BeiDou","SENSOR_C4ISR","SATELLITE","BDS;BeiDou Navigation Satellite System","BDS","CN","Chinese navigation satellite system","Wikipedia","high","","EXISTING","NEW","UNVERIFIED"
"NER-0595","Yaogan","SENSOR_C4ISR","SATELLITE","Yaogan series","","CN","Chinese remote-sensing satellite series","Wikipedia;DoD China Military Power Report","high","","EXISTING","NEW","UNVERIFIED"
"NER-0596","Type 346","SENSOR_C4ISR","RADAR","","","CN","Chinese AESA radar on Type 052D","Wikipedia","low","Verify designation","EXISTING","NEW","UNVERIFIED"
"NER-0597","Voronezh","SENSOR_C4ISR","RADAR","Voronezh radar","","RU","Russian early warning radar","Wikipedia","high","Voronezh city ambiguity","EXISTING","NEW","UNVERIFIED"
"NER-0598","Krasukha-4","SENSOR_C4ISR","EW","Krasukha","","RU","Russian electronic warfare system","Wikipedia","high","","EXISTING","NEW","UNVERIFIED"
"NER-0599","GPS","SENSOR_C4ISR","SATELLITE","NAVSTAR GPS;Global Positioning System","GPS","US","US navigation satellite system","Wikipedia","high","Very generic - civil usage dominates","EXISTING","NEW","UNVERIFIED"
"NER-0600","AN/SPY-1","SENSOR_C4ISR","RADAR","SPY-1","","US","US Aegis radar","Wikipedia","high","","EXISTING","NEW","UNVERIFIED"
"NER-0601","Aegis Combat System","SENSOR_C4ISR","RADAR","Aegis","","US","US naval combat system","Wikipedia","high","Aegis common noun ambiguity","EXISTING","NEW","UNVERIFIED"
"NER-0602","AN/TPY-2","SENSOR_C4ISR","RADAR","TPY-2","","US","US X-band radar for THAAD","Wikipedia","high","","EXISTING","NEW","UNVERIFIED"
"NER-0603","Link 16","SENSOR_C4ISR","DATALINK","","","US;Global","NATO tactical data link","Wikipedia","high","","EXISTING","NEW","UNVERIFIED"
"NER-0604","Flanker","MIL_DESIGNATOR","NATO_REPORTING_NAME","","","RU","NATO name for Su-27 family","Wikipedia","high","Map to Su-27/Su-30 when aircraft context (02)","EXISTING","02_ENTITIES","UNVERIFIED"
"NER-0605","Fulcrum","MIL_DESIGNATOR","NATO_REPORTING_NAME","","","RU","NATO name for MiG-29","Wikipedia","high","","EXISTING","02_ENTITIES","UNVERIFIED"
"NER-0606","Fishbed","MIL_DESIGNATOR","NATO_REPORTING_NAME","","","RU","NATO name for MiG-21","Wikipedia","high","","EXISTING","02_ENTITIES","UNVERIFIED"
"NER-0607","Foxhound","MIL_DESIGNATOR","NATO_REPORTING_NAME","","","RU","NATO name for MiG-31","Wikipedia","high","","EXISTING","NEW","UNVERIFIED"
"NER-0608","Frogfoot","MIL_DESIGNATOR","NATO_REPORTING_NAME","","","RU","NATO name for Su-25","Wikipedia","high","","EXISTING","NEW","UNVERIFIED"
"NER-0609","Fullback","MIL_DESIGNATOR","NATO_REPORTING_NAME","","","RU","NATO name for Su-34","Wikipedia","high","","EXISTING","NEW","UNVERIFIED"
"NER-0610","Felon","MIL_DESIGNATOR","NATO_REPORTING_NAME","","","RU","NATO name for Su-57","Wikipedia","high","","EXISTING","NEW","UNVERIFIED"
"NER-0611","Backfire","MIL_DESIGNATOR","NATO_REPORTING_NAME","","","RU","NATO name for Tu-22M","Wikipedia","high","","EXISTING","NEW","UNVERIFIED"
"NER-0612","Blackjack","MIL_DESIGNATOR","NATO_REPORTING_NAME","","","RU","NATO name for Tu-160","Wikipedia","high","Blackjack card game","EXISTING","NEW","UNVERIFIED"
"NER-0613","Mainstay","MIL_DESIGNATOR","NATO_REPORTING_NAME","","","RU","NATO name for A-50","Wikipedia","high","","EXISTING","NEW","UNVERIFIED"
"NER-0614","Hind","MIL_DESIGNATOR","NATO_REPORTING_NAME","","","RU","NATO name for Mi-24","Wikipedia","high","","EXISTING","NEW","UNVERIFIED"
"NER-0615","Hokum","MIL_DESIGNATOR","NATO_REPORTING_NAME","","","RU","NATO name for Ka-50 and Ka-52","Wikipedia","high","","EXISTING","NEW","UNVERIFIED"
"NER-0616","Satan","MIL_DESIGNATOR","NATO_REPORTING_NAME","SS-18 Satan","","RU","Reporting name for R-36M ICBM","Wikipedia;Nuclear Notebook","medium","Satan ambiguity - requires missile cue","EXISTING","NEW","UNVERIFIED"
"NER-0617","D66","MIL_DESIGNATOR","HULL_PENNANT","","","IN","Hull pennant - resolve to INS Visakhapatnam only with context","Wikipedia","low","Pennants can be reassigned and are ambiguous (02 lists D66)","EXISTING","02_ENTITIES","UNVERIFIED"
"NER-0618","F-21","MIL_DESIGNATOR","ALPHANUM_CODE","","","US;IN","Lockheed Martin F-16 derivative proposed to India","Wikipedia","low","Ambiguous (02 sec 5 F-16/F-21/F-35)","EXISTING","02_ENTITIES","UNVERIFIED"
"NER-0619","Project-75I","PROGRAMME","","P-75I;Project 75 India","P-75I","IN","Indian diesel-electric submarine acquisition programme","Wikipedia;Press Information Bureau;Ministry of Defence India","high","P-75I vs P-8I aircraft (02)","EXISTING","02_ENTITIES","UNVERIFIED"
"NER-0620","Project-75 Alpha","PROGRAMME","","P-75A","","IN","Indian nuclear attack submarine programme","Wikipedia;Press Information Bureau","medium","","EXISTING","NEW","UNVERIFIED"
"NER-0621","Project Kusha","PROGRAMME","","Kusha;ER-SAM","","IN","Indian long-range SAM development programme","Wikipedia;DRDO","medium","","EXISTING","02_ENTITIES","UNVERIFIED"
"NER-0622","Medium Range Fighter Aircraft","PROGRAMME","","MRFA;MMRCA 2.0","MRFA","IN","Indian multirole fighter acquisition programme","Wikipedia;Press Information Bureau","medium","Name has shifted over time","EXISTING","02_ENTITIES","UNVERIFIED"
"NER-0623","Advanced Medium Combat Aircraft","PROGRAMME","","AMCA programme","AMCA","IN","Indian fifth-generation fighter development programme","Wikipedia;Press Information Bureau;DRDO","high","Also names the aircraft itself","EXISTING","02_ENTITIES","UNVERIFIED"
"NER-0624","Twin Engine Deck Based Fighter","PROGRAMME","","","TEDBF","IN","Indian naval carrier fighter development programme","Wikipedia;Press Information Bureau","medium","","EXISTING","NEW","UNVERIFIED"
"NER-0625","Indigenous Aircraft Carrier-2","PROGRAMME","","IAC-2","IAC-2","IN","Proposed second Indian indigenous carrier","Wikipedia","low","Status uncertain - verify","EXISTING","NEW","UNVERIFIED"
"NER-0626","Light Combat Aircraft programme","PROGRAMME","","LCA programme","LCA","IN","Indian programme producing Tejas","Wikipedia;HAL website","high","","EXISTING","NEW","UNVERIFIED"
"NER-0627","Future Ready Combat Vehicle","PROGRAMME","","FRCV","FRCV","IN","Indian next-generation main battle tank programme","Wikipedia;Press Information Bureau","medium","","EXISTING","NEW","UNVERIFIED"
"NER-0628","Future Infantry Combat Vehicle","PROGRAMME","","FICV","FICV","IN","Indian infantry fighting vehicle programme","Wikipedia","medium","","EXISTING","NEW","UNVERIFIED"
"NER-0629","Kaveri engine programme","PROGRAMME","","Kaveri","","IN","Indian indigenous turbofan engine programme","Wikipedia;DRDO","high","Kaveri also river","EXISTING","NEW","UNVERIFIED"
"NER-0630","Mission Sudarshan Chakra","PROGRAMME","","","","IN","Announced Indian national air defence shield initiative","Press Information Bureau","low","Announced 2025 - verify scope and name","EXISTING","NEW","UNVERIFIED"
"NER-0631","Project AZM","PROGRAMME","","AZM","","PK","Pakistan fifth-generation fighter development programme","Wikipedia","low","Public information limited - verify","EXISTING","NEW","UNVERIFIED"
"NER-0632","F-35 Joint Strike Fighter programme","PROGRAMME","","Joint Strike Fighter;JSF","JSF","US","US multinational fighter programme","Wikipedia;GAO weapon systems reports","high","","EXISTING","NEW","UNVERIFIED"
"NER-0633","Next Generation Air Dominance","PROGRAMME","","NGAD;F-47","NGAD","US","US sixth-generation fighter programme","Wikipedia;Congressional Research Service reports","medium","","EXISTING","NEW","UNVERIFIED"
"NER-0634","Future Combat Air System","PROGRAMME","","FCAS;SCAF","FCAS","FR;DE;ES","European sixth-generation fighter programme","Wikipedia","high","","EXISTING","NEW","UNVERIFIED"
"NER-0635","Global Combat Air Programme","PROGRAMME","","GCAP;Tempest","GCAP","GB;JP;IT","UK-Japan-Italy sixth-generation fighter programme","Wikipedia","high","","EXISTING","NEW","UNVERIFIED"
"NER-0636","Golden Dome","PROGRAMME","","Golden Dome for America","","US","Announced US missile defence programme","Wikipedia;Congressional Research Service reports","medium","Announced 2025 - verify","EXISTING","NEW","UNVERIFIED"
"NER-0637","Sentinel programme","PROGRAMME","","Ground Based Strategic Deterrent","GBSD","US","US ICBM replacement programme","Wikipedia;Congressional Research Service reports;GAO weapon systems reports","high","","EXISTING","NEW","UNVERIFIED"
"NER-0638","AUKUS Pillar 1","PROGRAMME","","SSN-AUKUS","","AU;GB;US","Nuclear-powered submarine cooperation under AUKUS","Wikipedia","medium","","EXISTING","NEW","UNVERIFIED"
"NER-0639","Operation Vijay","OPERATION","","Operation Vijay 1999","","IN","Indian operation in Kargil 1999","Wikipedia;Ministry of Defence India","high","Operation Vijay also Goa 1961","EXISTING","02_ENTITIES","UNVERIFIED"
"NER-0640","Operation Sindoor","OPERATION","","","","IN","Indian strikes in Pakistan and PoK May 2025","Wikipedia;Press Information Bureau","high","","EXISTING","02_ENTITIES","UNVERIFIED"
"NER-0641","Operation Bunyan-um-Marsoos","OPERATION","","Bunyan al-Marsoos","","PK","Pakistan response operation May 2025","Wikipedia;ISPR Pakistan","medium","","EXISTING","NEW","UNVERIFIED"
"NER-0642","Operation Swift Retort","OPERATION","","","","PK","Pakistan response to Balakot Feb 2019","Wikipedia;ISPR Pakistan","medium","","EXISTING","NEW","UNVERIFIED"
"NER-0643","Operation Meghdoot","OPERATION","","","","IN","Indian operation to capture Siachen heights 1984","Wikipedia","high","","EXISTING","NEW","UNVERIFIED"
"NER-0644","Operation Blue Star","OPERATION","","","","IN","Indian Army operation at Golden Temple 1984","Wikipedia","high","Politically sensitive - label factual name only","EXISTING","NEW","UNVERIFIED"
"NER-0645","Operation Cactus","OPERATION","","","","IN","Indian intervention in Maldives 1988","Wikipedia","high","Cactus plant ambiguity","EXISTING","NEW","UNVERIFIED"
"NER-0646","Operation Pawan","OPERATION","","","","IN","Indian Peace Keeping Force operation in Sri Lanka 1987","Wikipedia","high","","EXISTING","NEW","UNVERIFIED"
"NER-0647","Operation Parakram","OPERATION","","","","IN","Indian military mobilisation 2001-2002","Wikipedia","high","","EXISTING","NEW","UNVERIFIED"
"NER-0648","Operation Trident","OPERATION","","","","IN","Indian naval strike on Karachi December 1971","Wikipedia","high","","EXISTING","NEW","UNVERIFIED"
"NER-0649","Operation Python","OPERATION","","","","IN","Indian naval attack on Karachi December 1971","Wikipedia","high","Python language ambiguity","EXISTING","NEW","UNVERIFIED"
"NER-0650","Operation Searchlight","OPERATION","","","","PK","Pakistan Army crackdown in East Pakistan 1971","Wikipedia","high","","EXISTING","NEW","UNVERIFIED"
"NER-0651","Operation Gibraltar","OPERATION","","","","PK","Pakistan infiltration plan 1965","Wikipedia","high","","EXISTING","NEW","UNVERIFIED"
"NER-0652","Operation Grand Slam","OPERATION","","","","PK","Pakistan offensive 1965","Wikipedia","high","","EXISTING","NEW","UNVERIFIED"
"NER-0653","Operation Polo","OPERATION","","","","IN","Indian annexation of Hyderabad 1948","Wikipedia","high","","EXISTING","NEW","UNVERIFIED"
"NER-0654","Operation Zarb-e-Azb","OPERATION","","Zarb-e-Azb","","PK","Pakistan Army operation in North Waziristan 2014","Wikipedia;ISPR Pakistan","high","","EXISTING","02_ENTITIES","UNVERIFIED"
"NER-0655","Operation Radd-ul-Fasaad","OPERATION","","","","PK","Pakistan nationwide counter-terrorism operation 2017","Wikipedia;ISPR Pakistan","medium","","EXISTING","NEW","UNVERIFIED"
"NER-0656","Operation Azm-e-Istehkam","OPERATION","","","","PK","Pakistan counter-terrorism campaign announced 2024","Wikipedia;ISPR Pakistan","medium","","EXISTING","NEW","UNVERIFIED"
"NER-0657","Operation Rah-e-Nijat","OPERATION","","","","PK","Pakistan operation in South Waziristan 2009","Wikipedia","medium","","EXISTING","NEW","UNVERIFIED"
"NER-0658","Operation Neptune Spear","OPERATION","","Operation Geronimo","","US","US raid that killed Osama bin Laden 2011","Wikipedia","high","","EXISTING","NEW","UNVERIFIED"
"NER-0659","Operation Desert Storm","OPERATION","","","","US","Coalition operation in Gulf War 1991","Wikipedia","high","","EXISTING","NEW","UNVERIFIED"
"NER-0660","Operation Iraqi Freedom","OPERATION","","","","US","US-led invasion of Iraq 2003","Wikipedia","high","","EXISTING","NEW","UNVERIFIED"
"NER-0661","Operation Enduring Freedom","OPERATION","","","","US","US-led operation in Afghanistan from 2001","Wikipedia","high","","EXISTING","NEW","UNVERIFIED"
"NER-0662","Operation Inherent Resolve","OPERATION","","","","US","US-led campaign against Islamic State","Wikipedia","high","","EXISTING","NEW","UNVERIFIED"
"NER-0663","Operation Prosperity Guardian","OPERATION","","","","US","US-led Red Sea maritime security operation 2023","Wikipedia","medium","","EXISTING","NEW","UNVERIFIED"
"NER-0664","Operation Rising Lion","OPERATION","","","","IL","Israeli strikes on Iran June 2025","Wikipedia","medium","Recent - verify","EXISTING","NEW","UNVERIFIED"
"NER-0665","Operation Midnight Hammer","OPERATION","","","","US","US strikes on Iranian nuclear sites June 2025","Wikipedia","medium","Recent - verify","EXISTING","NEW","UNVERIFIED"
"NER-0666","Special Military Operation","OPERATION","","SMO","SMO","RU","Russian term for 2022 invasion of Ukraine","Wikipedia","high","Generic phrase - require Russia/Ukraine context","EXISTING","NEW","UNVERIFIED"
"NER-0667","Operation Ganga","OPERATION","","","","IN","Indian evacuation from Ukraine 2022","Wikipedia;Press Information Bureau","high","Ganga river ambiguity","EXISTING","NEW","UNVERIFIED"
"NER-0668","Operation Kaveri","OPERATION","","","","IN","Indian evacuation from Sudan 2023","Wikipedia;Press Information Bureau","high","Kaveri also engine programme and river","EXISTING","NEW","UNVERIFIED"
"NER-0669","Operation Rahat","OPERATION","","","","IN","Indian evacuation from Yemen 2015","Wikipedia;Press Information Bureau","medium","","EXISTING","NEW","UNVERIFIED"
"NER-0670","Operation Sankalp","OPERATION","","","","IN","Indian Navy Gulf maritime security deployment","Wikipedia;Indian Navy website","medium","","EXISTING","NEW","UNVERIFIED"
"NER-0671","Operation Brahma","OPERATION","","","","IN","Indian relief operation after Myanmar earthquake 2025","Press Information Bureau","low","Verify","EXISTING","NEW","UNVERIFIED"
"NER-0672","Malabar","EXERCISE","","Exercise Malabar","","IN;US;JP;AU","Multilateral naval exercise","Wikipedia;Indian Navy website","high","Malabar coast is LOC (02)","EXISTING","02_ENTITIES","UNVERIFIED"
"NER-0673","Yudh Abhyas","EXERCISE","","","","IN;US","India-US army exercise","Wikipedia;Press Information Bureau","high","","EXISTING","02_ENTITIES","UNVERIFIED"
"NER-0674","Garuda Shakti","EXERCISE","","","","IN;ID","India-Indonesia special forces exercise","Wikipedia;Press Information Bureau","medium","Garuda ambiguity","EXISTING","02_ENTITIES","UNVERIFIED"
"NER-0675","Joint Sword","EXERCISE","","Joint Sword-2024A;Joint Sword-2024B","","CN","PLA exercise around Taiwan 2024","Wikipedia;MND PRC;Taiwan MND","medium","Sword generic - need Joint prefix","EXISTING","02_ENTITIES","UNVERIFIED"
"NER-0676","Strait Thunder","EXERCISE","","Strait Thunder-2025A","","CN","PLA exercise around Taiwan April 2025","Wikipedia;Taiwan MND","medium","","EXISTING","NEW","UNVERIFIED"
"NER-0677","Exercise Brasstacks","EXERCISE","","Operation Brasstacks","","IN","Large Indian Army exercise 1986-87","Wikipedia","high","","EXISTING","NEW","UNVERIFIED"
"NER-0678","Exercise Trishul","EXERCISE","","Trishul","","IN","Indian tri-service exercise","Wikipedia;Press Information Bureau","low","Trishul also SAM project - 02 ambiguity","EXISTING","02_ENTITIES","UNVERIFIED"
"NER-0679","Cope India","EXERCISE","","","","IN;US","India-US air force exercise","Wikipedia;Press Information Bureau","high","","EXISTING","NEW","UNVERIFIED"
"NER-0680","Tarang Shakti","EXERCISE","","","","IN","Indian multinational air exercise","Wikipedia;Press Information Bureau","medium","","EXISTING","NEW","UNVERIFIED"
"NER-0681","Varuna","EXERCISE","","Exercise Varuna","","IN;FR","India-France naval exercise","Wikipedia;Press Information Bureau","high","Varuna deity ambiguity","EXISTING","NEW","UNVERIFIED"
"NER-0682","Exercise Shakti","EXERCISE","","Shakti","","IN;FR","India-France army exercise","Wikipedia;Press Information Bureau","medium","","EXISTING","NEW","UNVERIFIED"
"NER-0683","Ajeya Warrior","EXERCISE","","","","IN;GB","India-UK army exercise","Wikipedia;Press Information Bureau","medium","","EXISTING","NEW","UNVERIFIED"
"NER-0684","Dharma Guardian","EXERCISE","","","","IN;JP","India-Japan army exercise","Wikipedia;Press Information Bureau","medium","","EXISTING","NEW","UNVERIFIED"
"NER-0685","Nomadic Elephant","EXERCISE","","","","IN;MN","India-Mongolia army exercise","Wikipedia;Press Information Bureau","medium","","EXISTING","NEW","UNVERIFIED"
"NER-0686","Hand-in-Hand","EXERCISE","","","","IN;CN","India-China army exercise last held 2019","Wikipedia","medium","","EXISTING","NEW","UNVERIFIED"
"NER-0687","Indra","EXERCISE","","Exercise INDRA","","IN;RU","India-Russia exercise","Wikipedia;Press Information Bureau","medium","Indra deity ambiguity","EXISTING","NEW","UNVERIFIED"
"NER-0688","Konkan","EXERCISE","","Exercise Konkan","","IN;GB","India-UK naval exercise","Wikipedia","medium","Konkan region ambiguity","EXISTING","NEW","UNVERIFIED"
"NER-0689","JIMEX","EXERCISE","","","JIMEX","IN;JP","India-Japan maritime exercise","Wikipedia","medium","","EXISTING","NEW","UNVERIFIED"
"NER-0690","SIMBEX","EXERCISE","","","SIMBEX","IN;SG","India-Singapore maritime exercise","Wikipedia","medium","","EXISTING","NEW","UNVERIFIED"
"NER-0691","Sampriti","EXERCISE","","","","IN;BD","India-Bangladesh army exercise","Wikipedia;Press Information Bureau","medium","","EXISTING","NEW","UNVERIFIED"
"NER-0692","Surya Kiran","EXERCISE","","","","IN;NP","India-Nepal army exercise","Wikipedia;Press Information Bureau","medium","","EXISTING","NEW","UNVERIFIED"
"NER-0693","Mitra Shakti","EXERCISE","","","","IN;LK","India-Sri Lanka army exercise","Wikipedia;Press Information Bureau","medium","","EXISTING","NEW","UNVERIFIED"
"NER-0694","Ekuverin","EXERCISE","","","","IN;MV","India-Maldives army exercise","Wikipedia;Press Information Bureau","medium","","EXISTING","NEW","UNVERIFIED"
"NER-0695","Maitree","EXERCISE","","","","IN;TH","India-Thailand army exercise","Wikipedia;Press Information Bureau","medium","","EXISTING","NEW","UNVERIFIED"
"NER-0696","Sea Guardian","EXERCISE","","","","PK;CN","Pakistan-China naval exercise","Wikipedia","medium","Sea Guardian also drone name MQ-9B SeaGuardian","EXISTING","NEW","UNVERIFIED"
"NER-0697","Shaheen (exercise)","EXERCISE","","Shaheen","","PK;CN","Pakistan-China air force exercise","Wikipedia","medium","Shaheen also missile family (02)","EXISTING","02_ENTITIES","UNVERIFIED"
"NER-0698","AMAN","EXERCISE","","Exercise AMAN","","PK","Pakistan Navy multinational exercise","Wikipedia;Pakistan Navy website;Pakistan Air Force website","medium","Aman = peace in Urdu","EXISTING","NEW","UNVERIFIED"
"NER-0699","RIMPAC","EXERCISE","","Rim of the Pacific","RIMPAC","US","Multinational naval exercise","Wikipedia","high","","EXISTING","NEW","UNVERIFIED"
"NER-0700","Red Flag","EXERCISE","","Exercise Red Flag","","US","US Air Force exercise","Wikipedia","high","","EXISTING","NEW","UNVERIFIED"
"NER-0701","Pitch Black","EXERCISE","","Exercise Pitch Black","","AU","Australia-hosted multinational air exercise","Wikipedia","high","","EXISTING","NEW","UNVERIFIED"
"NER-0702","Talisman Sabre","EXERCISE","","","","AU;US","Australia-US exercise","Wikipedia","high","","EXISTING","NEW","UNVERIFIED"
"NER-0703","Balikatan","EXERCISE","","","","PH;US","Philippines-US exercise","Wikipedia","high","","EXISTING","NEW","UNVERIFIED"
"NER-0704","Ulchi Freedom Shield","EXERCISE","","UFS","UFS","KR;US","Korea-US command post exercise","Wikipedia","high","","EXISTING","NEW","UNVERIFIED"
"NER-0705","Steadfast Defender","EXERCISE","","Steadfast Defender 2024","","NATO","NATO exercise 2024","Wikipedia;NATO website","high","","EXISTING","NEW","UNVERIFIED"
"NER-0706","Zapad","EXERCISE","","Zapad-2021;Zapad-2025","","RU;BY","Russia-Belarus strategic exercise","Wikipedia;Russian MoD","high","Zapad = west in Russian","EXISTING","NEW","UNVERIFIED"
"NER-0707","Vostok","EXERCISE","","","","RU","Russian strategic exercise","Wikipedia;Russian MoD","medium","Vostok = east; also capsule/brand","EXISTING","NEW","UNVERIFIED"
"NER-0708","Peace Mission","EXERCISE","","","","CN;RU","SCO joint military exercise series","Wikipedia","medium","","EXISTING","NEW","UNVERIFIED"
"NER-0709","Han Kuang","EXERCISE","","","","TW","Taiwan annual military exercise","Wikipedia;Taiwan MND","high","","EXISTING","NEW","UNVERIFIED"
"NER-0710","Kargil War","CONFLICT_EVENT","WAR","1999 Kargil conflict;Kargil conflict","","IN;PK","Conflict in Kargil May-July 1999","Wikipedia;UCDP","high","Kargil also town","PROPOSED_SUBTYPE","02_ENTITIES","UNVERIFIED"
"NER-0711","Indo-Pakistani War of 1947","CONFLICT_EVENT","WAR","First Kashmir War","","IN;PK","War 1947-48","Wikipedia;UCDP;Correlates of War","high","","PROPOSED_SUBTYPE","NEW","UNVERIFIED"
"NER-0712","Indo-Pakistani War of 1965","CONFLICT_EVENT","WAR","Second Kashmir War","","IN;PK","War September 1965","Wikipedia;UCDP;Correlates of War","high","","PROPOSED_SUBTYPE","NEW","UNVERIFIED"
"NER-0713","Indo-Pakistani War of 1971","CONFLICT_EVENT","WAR","1971 war","","IN;PK;BD","War December 1971","Wikipedia;UCDP;Correlates of War","high","","PROPOSED_SUBTYPE","NEW","UNVERIFIED"
"NER-0714","Bangladesh Liberation War","CONFLICT_EVENT","WAR","","","BD;PK;IN","War of independence 1971","Wikipedia;UCDP","high","","PROPOSED_SUBTYPE","NEW","UNVERIFIED"
"NER-0715","Sino-Indian War","CONFLICT_EVENT","WAR","1962 war","","IN;CN","War October-November 1962","Wikipedia;Correlates of War","high","","PROPOSED_SUBTYPE","NEW","UNVERIFIED"
"NER-0716","Battle of Longewala","CONFLICT_EVENT","BATTLE","Longewala","","IN;PK","Battle December 1971 in Rajasthan","Wikipedia","high","","PROPOSED_SUBTYPE","02_ENTITIES","UNVERIFIED"
"NER-0717","Battle of Rezang La","CONFLICT_EVENT","BATTLE","","","IN;CN","Battle November 1962 in Ladakh","Wikipedia","high","","PROPOSED_SUBTYPE","NEW","UNVERIFIED"
"NER-0718","Battle of Tololing","CONFLICT_EVENT","BATTLE","Tololing","","IN;PK","Battle during Kargil War","Wikipedia","high","","PROPOSED_SUBTYPE","NEW","UNVERIFIED"
"NER-0719","Battle of Tiger Hill","CONFLICT_EVENT","BATTLE","Tiger Hill","","IN;PK","Battle during Kargil War","Wikipedia","high","","PROPOSED_SUBTYPE","NEW","UNVERIFIED"
"NER-0720","Nathu La and Cho La clashes","CONFLICT_EVENT","CLASH","1967 Sino-Indian clashes","","IN;CN","Border clashes 1967","Wikipedia","high","","PROPOSED_SUBTYPE","NEW","UNVERIFIED"
"NER-0721","Sumdorong Chu standoff","CONFLICT_EVENT","STANDOFF","","","IN;CN","Standoff 1986-87","Wikipedia","high","","PROPOSED_SUBTYPE","NEW","UNVERIFIED"
"NER-0722","Doklam standoff","CONFLICT_EVENT","STANDOFF","2017 Doklam standoff","","IN;CN;BT","Standoff June-August 2017","Wikipedia","high","","PROPOSED_SUBTYPE","NEW","UNVERIFIED"
"NER-0723","Galwan Valley clash","CONFLICT_EVENT","CLASH","2020 Galwan clash;2020 China-India skirmishes","","IN;CN","Clash June 2020 in Ladakh","Wikipedia","high","Event vs Galwan Valley (LOC) - tag by role","PROPOSED_SUBTYPE","02_ENTITIES","UNVERIFIED"
"NER-0724","Yangtse clash","CONFLICT_EVENT","CLASH","2022 Yangtse clash;Tawang clash","","IN;CN","Clash December 2022 in Arunachal Pradesh","Wikipedia","medium","","PROPOSED_SUBTYPE","NEW","UNVERIFIED"
"NER-0725","2001 Indian Parliament attack","CONFLICT_EVENT","TERROR_ATTACK","","","IN","Attack on Parliament December 2001","Wikipedia;South Asia Terrorism Portal","high","Subtype PROPOSED","PROPOSED_SUBTYPE","NEW","UNVERIFIED"
"NER-0726","2008 Mumbai attacks","CONFLICT_EVENT","TERROR_ATTACK","26/11;26/11 Mumbai attacks","26/11","IN","Terror attacks November 2008","Wikipedia;South Asia Terrorism Portal","high","26/11 also date pattern (02 DATE)","PROPOSED_SUBTYPE","02_ENTITIES","UNVERIFIED"
"NER-0727","2016 Uri attack","CONFLICT_EVENT","TERROR_ATTACK","Uri attack","","IN","Attack on army base September 2016","Wikipedia;South Asia Terrorism Portal","high","","PROPOSED_SUBTYPE","NEW","UNVERIFIED"
"NER-0728","2016 Indian Line of Control strike","CONFLICT_EVENT","STRIKE","Surgical strikes 2016","","IN;PK","Indian cross-LoC action September 2016","Wikipedia","medium","Contested characterisation - keep neutral label","PROPOSED_SUBTYPE","NEW","UNVERIFIED"
"NER-0729","2019 Pulwama attack","CONFLICT_EVENT","TERROR_ATTACK","Pulwama attack","","IN","Attack on CRPF convoy February 2019","Wikipedia;South Asia Terrorism Portal","high","","PROPOSED_SUBTYPE","NEW","UNVERIFIED"
"NER-0730","2019 Balakot airstrike","CONFLICT_EVENT","STRIKE","Balakot airstrike","","IN;PK","Indian air strike February 2019","Wikipedia","high","Balakot is also a place","PROPOSED_SUBTYPE","NEW","UNVERIFIED"
"NER-0731","2025 Pahalgam attack","CONFLICT_EVENT","TERROR_ATTACK","Pahalgam attack","","IN","Attack on tourists April 2025","Wikipedia;South Asia Terrorism Portal","high","","PROPOSED_SUBTYPE","NEW","UNVERIFIED"
"NER-0732","2025 India-Pakistan conflict","CONFLICT_EVENT","WAR","May 2025 India-Pakistan conflict","","IN;PK","Military exchange May 2025","Wikipedia","medium","Naming not settled - verify","PROPOSED_SUBTYPE","NEW","UNVERIFIED"
"NER-0733","Siachen conflict","CONFLICT_EVENT","WAR","","","IN;PK","Conflict over Siachen Glacier from 1984","Wikipedia;Correlates of War","high","","PROPOSED_SUBTYPE","NEW","UNVERIFIED"
"NER-0734","Kashmir conflict","CONFLICT_EVENT","WAR","Kashmir insurgency","","IN;PK","Dispute and insurgency over Kashmir","Wikipedia;UCDP;South Asia Terrorism Portal","high","","PROPOSED_SUBTYPE","NEW","UNVERIFIED"
"NER-0735","Naxalite-Maoist insurgency","CONFLICT_EVENT","INSURGENCY","Left Wing Extremism","","IN","Maoist insurgency in India","Wikipedia;South Asia Terrorism Portal;UCDP","high","","PROPOSED_SUBTYPE","NEW","UNVERIFIED"
"NER-0736","Insurgency in Balochistan","CONFLICT_EVENT","INSURGENCY","","","PK","Baloch insurgency","Wikipedia;UCDP;South Asia Terrorism Portal","high","","PROPOSED_SUBTYPE","NEW","UNVERIFIED"
"NER-0737","Sri Lankan Civil War","CONFLICT_EVENT","WAR","","","LK","War 1983-2009","Wikipedia;UCDP","high","","PROPOSED_SUBTYPE","NEW","UNVERIFIED"
"NER-0738","Myanmar civil war","CONFLICT_EVENT","WAR","","","MM","Conflict following 2021 coup","Wikipedia;ACLED;UCDP","high","","PROPOSED_SUBTYPE","NEW","UNVERIFIED"
"NER-0739","War in Afghanistan (2001-2021)","CONFLICT_EVENT","WAR","Afghanistan War","","AF;US","US-led war in Afghanistan","Wikipedia;UCDP","high","","PROPOSED_SUBTYPE","NEW","UNVERIFIED"
"NER-0740","Soviet-Afghan War","CONFLICT_EVENT","WAR","","","AF;RU","War 1979-1989","Wikipedia;Correlates of War","high","","PROPOSED_SUBTYPE","NEW","UNVERIFIED"
"NER-0741","Russo-Ukrainian War","CONFLICT_EVENT","WAR","War in Ukraine","","RU;UA","War from 2014 and full-scale from 2022","Wikipedia;UCDP;Institute for the Study of War","high","","PROPOSED_SUBTYPE","NEW","UNVERIFIED"
"NER-0742","Gulf War","CONFLICT_EVENT","WAR","","","IQ;KW;US","War 1990-1991","Wikipedia;Correlates of War","high","","PROPOSED_SUBTYPE","NEW","UNVERIFIED"
"NER-0743","Iraq War","CONFLICT_EVENT","WAR","","","IQ;US","War from 2003","Wikipedia;UCDP","high","","PROPOSED_SUBTYPE","NEW","UNVERIFIED"
"NER-0744","Syrian civil war","CONFLICT_EVENT","WAR","","","SY","War from 2011","Wikipedia;UCDP","high","","PROPOSED_SUBTYPE","NEW","UNVERIFIED"
"NER-0745","Israel-Hamas war","CONFLICT_EVENT","WAR","Gaza war","","IL;PS","War from October 2023","Wikipedia;UCDP;ACLED","high","","PROPOSED_SUBTYPE","NEW","UNVERIFIED"
"NER-0746","Korean War","CONFLICT_EVENT","WAR","","","KP;KR;US;CN","War 1950-1953","Wikipedia;Correlates of War","high","","PROPOSED_SUBTYPE","NEW","UNVERIFIED"
"NER-0747","Vietnam War","CONFLICT_EVENT","WAR","","","VN;US","War 1955-1975","Wikipedia;Correlates of War","high","","PROPOSED_SUBTYPE","NEW","UNVERIFIED"
"NER-0748","Falklands War","CONFLICT_EVENT","WAR","","","GB;AR","War 1982","Wikipedia;Correlates of War","high","","PROPOSED_SUBTYPE","NEW","UNVERIFIED"
"NER-0749","Third Taiwan Strait Crisis","CONFLICT_EVENT","CRISIS","1995-96 Taiwan Strait Crisis","","CN;TW;US","Crisis 1995-1996","Wikipedia","high","","PROPOSED_SUBTYPE","NEW","UNVERIFIED"
"NER-0750","Red Sea crisis","CONFLICT_EVENT","CRISIS","","","YE;US","Houthi attacks on shipping from 2023","Wikipedia;ACLED","medium","","PROPOSED_SUBTYPE","NEW","UNVERIFIED"
"NER-0751","Nagorno-Karabakh war","CONFLICT_EVENT","WAR","Second Nagorno-Karabakh War","","AM;AZ","War 2020","Wikipedia;UCDP","high","","PROPOSED_SUBTYPE","NEW","UNVERIFIED"
"NER-0752","Simla Agreement","TREATY_DOCTRINE","AGREEMENT","Shimla Agreement","","IN;PK","India-Pakistan agreement 1972","Wikipedia;Ministry of External Affairs India","high","","EXISTING","02_ENTITIES","UNVERIFIED"
"NER-0753","Indus Waters Treaty","TREATY_DOCTRINE","TREATY","IWT","IWT","IN;PK","Water-sharing treaty 1960 - held in abeyance by India April 2025","Wikipedia;Ministry of External Affairs India","high","Status change - verify","EXISTING","02_ENTITIES","UNVERIFIED"
"NER-0754","Tashkent Declaration","TREATY_DOCTRINE","AGREEMENT","","","IN;PK","Declaration 1966 ending 1965 war","Wikipedia","high","","EXISTING","NEW","UNVERIFIED"
"NER-0755","Lahore Declaration","TREATY_DOCTRINE","AGREEMENT","","","IN;PK","Declaration 1999","Wikipedia","high","","EXISTING","NEW","UNVERIFIED"
"NER-0756","Agreement on the Prohibition of Attack against Nuclear Installations","TREATY_DOCTRINE","AGREEMENT","","","IN;PK","Bilateral agreement 1988","Wikipedia;Nuclear Threat Initiative","high","","EXISTING","NEW","UNVERIFIED"
"NER-0757","Treaty on the Non-Proliferation of Nuclear Weapons","TREATY_DOCTRINE","TREATY","NPT","NPT","Global","Nuclear non-proliferation treaty 1968","Wikipedia;UN Treaty Collection;UNODA","high","","EXISTING","02_ENTITIES","UNVERIFIED"
"NER-0758","Comprehensive Nuclear-Test-Ban Treaty","TREATY_DOCTRINE","TREATY","","CTBT","Global","Test ban treaty not in force","Wikipedia;UN Treaty Collection","high","","EXISTING","NEW","UNVERIFIED"
"NER-0759","Treaty on the Prohibition of Nuclear Weapons","TREATY_DOCTRINE","TREATY","","TPNW","Global","Nuclear weapons ban treaty 2017","Wikipedia;UN Treaty Collection","high","","EXISTING","NEW","UNVERIFIED"
"NER-0760","New START","TREATY_DOCTRINE","TREATY","","","US;RU","US-Russia strategic arms treaty - expired Feb 2026","Wikipedia;Arms Control Association","medium","Expiry status - verify","EXISTING","NEW","UNVERIFIED"
"NER-0761","Intermediate-Range Nuclear Forces Treaty","TREATY_DOCTRINE","TREATY","INF Treaty","INF","US;RU","US-Soviet missile treaty 1987 - ended 2019","Wikipedia;Arms Control Association","high","INF abbreviation ambiguous","EXISTING","NEW","UNVERIFIED"
"NER-0762","Anti-Ballistic Missile Treaty","TREATY_DOCTRINE","TREATY","ABM Treaty","ABM","US;RU","Treaty 1972 - US withdrew 2002","Wikipedia;Arms Control Association","high","","EXISTING","NEW","UNVERIFIED"
"NER-0763","Missile Technology Control Regime","TREATY_DOCTRINE","AGREEMENT","","MTCR","Global","Export control regime","Wikipedia;Arms Control Association","high","","EXISTING","NEW","UNVERIFIED"
"NER-0764","Nuclear Suppliers Group","TREATY_DOCTRINE","AGREEMENT","","NSG","Global","Nuclear export control group","Wikipedia;Arms Control Association","high","NSG also National Security Guard","EXISTING","NEW","UNVERIFIED"
"NER-0765","Wassenaar Arrangement","TREATY_DOCTRINE","AGREEMENT","","","Global","Conventional arms export control regime","Wikipedia;Arms Control Association","high","","EXISTING","NEW","UNVERIFIED"
"NER-0766","Chemical Weapons Convention","TREATY_DOCTRINE","TREATY","","CWC","Global","Chemical weapons ban","Wikipedia;UN Treaty Collection;UNODA","high","","EXISTING","NEW","UNVERIFIED"
"NER-0767","Biological Weapons Convention","TREATY_DOCTRINE","TREATY","","BWC","Global","Biological weapons ban","Wikipedia;UN Treaty Collection;UNODA","high","","EXISTING","NEW","UNVERIFIED"
"NER-0768","Arms Trade Treaty","TREATY_DOCTRINE","TREATY","","ATT","Global","Conventional arms trade treaty","Wikipedia;UN Treaty Collection","high","","EXISTING","NEW","UNVERIFIED"
"NER-0769","Geneva Conventions","TREATY_DOCTRINE","TREATY","","","Global","International humanitarian law treaties","Wikipedia","high","","EXISTING","NEW","UNVERIFIED"
"NER-0770","United Nations Convention on the Law of the Sea","TREATY_DOCTRINE","TREATY","UNCLOS","UNCLOS","Global","Law of the sea treaty","Wikipedia;UN Treaty Collection","high","","EXISTING","NEW","UNVERIFIED"
"NER-0771","Joint Comprehensive Plan of Action","TREATY_DOCTRINE","AGREEMENT","Iran nuclear deal","JCPOA","IR;Global","Iran nuclear agreement 2015","Wikipedia;Arms Control Association","high","","EXISTING","NEW","UNVERIFIED"
"NER-0772","Budapest Memorandum","TREATY_DOCTRINE","AGREEMENT","","","UA;RU;US;GB","Security assurances 1994","Wikipedia","high","","EXISTING","NEW","UNVERIFIED"
"NER-0773","Korean Armistice Agreement","TREATY_DOCTRINE","AGREEMENT","","","KP;KR;US","Armistice 1953","Wikipedia","high","","EXISTING","NEW","UNVERIFIED"
"NER-0774","AUKUS","TREATY_DOCTRINE","AGREEMENT","AUKUS partnership","AUKUS","AU;GB;US","Trilateral security pact 2021","Wikipedia","high","","EXISTING","NEW","UNVERIFIED"
"NER-0775","Quadrilateral Security Dialogue","TREATY_DOCTRINE","AGREEMENT","Quad","Quad","IN;US;JP;AU","Strategic dialogue among four countries","Wikipedia;Ministry of External Affairs India","high","Not a treaty - subtype PARTNERSHIP is PROPOSED","EXISTING","NEW","UNVERIFIED"
"NER-0776","Logistics Exchange Memorandum of Agreement","TREATY_DOCTRINE","AGREEMENT","","LEMOA","IN;US","India-US logistics agreement 2016","Wikipedia;Ministry of External Affairs India","high","","EXISTING","NEW","UNVERIFIED"
"NER-0777","Communications Compatibility and Security Agreement","TREATY_DOCTRINE","AGREEMENT","","COMCASA","IN;US","India-US communications agreement 2018","Wikipedia;Ministry of External Affairs India","high","","EXISTING","NEW","UNVERIFIED"
"NER-0778","Basic Exchange and Cooperation Agreement","TREATY_DOCTRINE","AGREEMENT","","BECA","IN;US","India-US geospatial agreement 2020","Wikipedia;Ministry of External Affairs India","high","","EXISTING","NEW","UNVERIFIED"
"NER-0779","India-US Civil Nuclear Agreement","TREATY_DOCTRINE","AGREEMENT","123 Agreement","","IN;US","US-India nuclear cooperation agreement 2008","Wikipedia;Ministry of External Affairs India","high","","EXISTING","NEW","UNVERIFIED"
"NER-0780","Indo-Soviet Treaty of Peace Friendship and Cooperation","TREATY_DOCTRINE","TREATY","","","IN;RU","Treaty 1971","Wikipedia","high","","EXISTING","NEW","UNVERIFIED"
"NER-0781","Indo-Nepal Treaty of Peace and Friendship","TREATY_DOCTRINE","TREATY","1950 Treaty","","IN;NP","Treaty 1950","Wikipedia;Ministry of External Affairs India","high","","EXISTING","NEW","UNVERIFIED"
"NER-0782","Agreement on the Maintenance of Peace and Tranquillity along the Line of Actual Control","TREATY_DOCTRINE","AGREEMENT","1993 LAC Agreement","","IN;CN","Border agreement 1993","Wikipedia;Ministry of External Affairs India","high","","EXISTING","NEW","UNVERIFIED"
"NER-0783","Agreement on Confidence-Building Measures in the Military Field along the Line of Actual Control","TREATY_DOCTRINE","AGREEMENT","1996 CBM Agreement","","IN;CN","Border agreement 1996","Wikipedia;Ministry of External Affairs India","high","","EXISTING","NEW","UNVERIFIED"
"NER-0784","No First Use","TREATY_DOCTRINE","DOCTRINE","NFU","NFU","IN;CN","Nuclear policy of not using nuclear weapons first","Wikipedia;Nuclear Notebook","high","Differing scope in India and China","EXISTING","02_ENTITIES","UNVERIFIED"
"NER-0785","Cold Start","TREATY_DOCTRINE","DOCTRINE","Cold Start doctrine","","IN","Indian Army limited war concept","Wikipedia","medium","Existence of formal doctrine disputed by Indian officials","EXISTING","02_ENTITIES","UNVERIFIED"
"NER-0786","Credible Minimum Deterrence","TREATY_DOCTRINE","DOCTRINE","","CMD","IN","Indian nuclear deterrence posture","Wikipedia;Nuclear Notebook","high","","EXISTING","NEW","UNVERIFIED"
"NER-0787","Full Spectrum Deterrence","TREATY_DOCTRINE","DOCTRINE","","FSD","PK","Pakistan nuclear deterrence posture","Wikipedia;Nuclear Notebook","high","","EXISTING","NEW","UNVERIFIED"
"NER-0788","Active Defense","TREATY_DOCTRINE","DOCTRINE","active defence","","CN","PRC military strategic guideline","Wikipedia;DoD China Military Power Report","high","Generic English phrase - needs China/PLA context","EXISTING","NEW","UNVERIFIED"
"NER-0789","Anti-Access/Area Denial","TREATY_DOCTRINE","DOCTRINE","A2/AD","A2/AD","CN;US","Military concept","Wikipedia;DoD China Military Power Report","high","","EXISTING","NEW","UNVERIFIED"
"NER-0790","Three Warfares","TREATY_DOCTRINE","DOCTRINE","","","CN","PLA concept of media legal and psychological warfare","Wikipedia;DoD China Military Power Report","medium","","EXISTING","NEW","UNVERIFIED"
"NER-0791","Mutually Assured Destruction","TREATY_DOCTRINE","DOCTRINE","","MAD","US;RU","Nuclear deterrence concept","Wikipedia","high","MAD very ambiguous","EXISTING","NEW","UNVERIFIED"
"NER-0792","Panchsheel","TREATY_DOCTRINE","AGREEMENT","Five Principles of Peaceful Coexistence","","IN;CN","India-China principles 1954","Wikipedia;Ministry of External Affairs India","high","","EXISTING","NEW","UNVERIFIED"
"NER-0793","SAGAR","TREATY_DOCTRINE","DOCTRINE","Security and Growth for All in the Region","SAGAR","IN","Indian maritime policy doctrine 2015","Wikipedia;Press Information Bureau","medium","SAGAR common word and name","EXISTING","NEW","UNVERIFIED"
"NER-0794","String of Pearls","TREATY_DOCTRINE","DOCTRINE","","","CN","Analytic concept of Chinese Indian Ocean presence","Wikipedia","medium","Concept is contested - tag as concept only","EXISTING","NEW","UNVERIFIED"
"NER-0795","Manoj Pande","PERSON","","General Manoj Pande","","IN","Indian Army chief until June 2025","Wikipedia;Press Information Bureau","medium","Office-holder dates need verification; tag name only - rank separate (02 rule 7)","EXISTING","02_ENTITIES","UNVERIFIED"
"NER-0796","Upendra Dwivedi","PERSON","","General Upendra Dwivedi","","IN","Indian Army chief from June 2025","Wikipedia;Press Information Bureau","medium","Verify dates","EXISTING","NEW","UNVERIFIED"
"NER-0797","Dinesh K. Tripathi","PERSON","","Admiral Dinesh Kumar Tripathi","","IN","Indian Navy chief from April 2024","Wikipedia;Press Information Bureau","medium","Verify dates","EXISTING","NEW","UNVERIFIED"
"NER-0798","A. P. Singh","PERSON","","Amar Preet Singh;Air Chief Marshal A P Singh","","IN","Indian Air Force chief from September 2024","Wikipedia;Press Information Bureau","medium","Verify dates","EXISTING","NEW","UNVERIFIED"
"NER-0799","Anil Chauhan","PERSON","","General Anil Chauhan","","IN","Chief of Defence Staff from September 2022","Wikipedia;Press Information Bureau","medium","Verify current status","EXISTING","NEW","UNVERIFIED"
"NER-0800","Bipin Rawat","PERSON","","General Bipin Rawat","","IN","First Chief of Defence Staff - died December 2021","Wikipedia;Press Information Bureau","high","Historical","EXISTING","NEW","UNVERIFIED"
"NER-0801","Rajnath Singh","PERSON","","","","IN","Indian Defence Minister","Wikipedia;Press Information Bureau","medium","Verify current office","EXISTING","NEW","UNVERIFIED"
"NER-0802","Narendra Modi","PERSON","","","","IN","Indian Prime Minister","Wikipedia;Press Information Bureau","medium","Verify current office","EXISTING","NEW","UNVERIFIED"
"NER-0803","Ajit Doval","PERSON","","","","IN","Indian National Security Adviser","Wikipedia;Press Information Bureau","medium","Verify current office","EXISTING","NEW","UNVERIFIED"
"NER-0804","S. Jaishankar","PERSON","","Subrahmanyam Jaishankar","","IN","Indian External Affairs Minister","Wikipedia;Ministry of External Affairs India","medium","Verify current office","EXISTING","NEW","UNVERIFIED"
"NER-0805","Manohar Parrikar","PERSON","","","","IN","Former Indian Defence Minister died 2019","Wikipedia;Press Information Bureau","high","Historical","EXISTING","NEW","UNVERIFIED"
"NER-0806","A. P. J. Abdul Kalam","PERSON","","APJ Abdul Kalam","","IN","Missile scientist and former President of India died 2015","Wikipedia;DRDO","high","Island and missile range named after him","EXISTING","NEW","UNVERIFIED"
"NER-0807","Sam Manekshaw","PERSON","","Field Marshal Sam Manekshaw","","IN","Indian Army chief during 1971 war","Wikipedia","high","Historical","EXISTING","NEW","UNVERIFIED"
"NER-0808","K. M. Cariappa","PERSON","","Field Marshal Cariappa","","IN","First Indian Commander-in-Chief of Army","Wikipedia","high","Historical","EXISTING","NEW","UNVERIFIED"
"NER-0809","Asim Munir","PERSON","","Field Marshal Asim Munir;General Asim Munir","","PK","Pakistan Army chief","Wikipedia;ISPR Pakistan","medium","Rank and post titles changed in 2025 - verify","EXISTING","NEW","UNVERIFIED"
"NER-0810","Shehbaz Sharif","PERSON","","","","PK","Pakistan Prime Minister","Wikipedia","medium","Verify current office","EXISTING","NEW","UNVERIFIED"
"NER-0811","Khawaja Asif","PERSON","","","","PK","Pakistan Defence Minister","Wikipedia","medium","Verify current office","EXISTING","NEW","UNVERIFIED"
"NER-0812","Ahmed Sharif Chaudhry","PERSON","","Lt Gen Ahmed Sharif Chaudhry","","PK","Director General ISPR","Wikipedia;ISPR Pakistan","medium","Verify current office","EXISTING","NEW","UNVERIFIED"
"NER-0813","Qamar Javed Bajwa","PERSON","","General Qamar Javed Bajwa","","PK","Former Pakistan Army chief","Wikipedia","high","Historical","EXISTING","NEW","UNVERIFIED"
"NER-0814","Pervez Musharraf","PERSON","","","","PK","Former Pakistan Army chief and president died 2023","Wikipedia","high","Historical","EXISTING","NEW","UNVERIFIED"
"NER-0815","Zia-ul-Haq","PERSON","","General Zia-ul-Haq","","PK","Former Pakistan military ruler died 1988","Wikipedia","high","Historical","EXISTING","NEW","UNVERIFIED"
"NER-0816","A. Q. Khan","PERSON","","Abdul Qadeer Khan","","PK","Pakistani nuclear scientist died 2021","Wikipedia;Nuclear Notebook","high","Historical","EXISTING","NEW","UNVERIFIED"
"NER-0817","Xi Jinping","PERSON","","","","CN","General Secretary and CMC Chairman","Wikipedia;MND PRC","medium","Verify current office","EXISTING","NEW","UNVERIFIED"
"NER-0818","Dong Jun","PERSON","","Admiral Dong Jun","","CN","PRC Minister of National Defense","Wikipedia;MND PRC","medium","Verify current office","EXISTING","NEW","UNVERIFIED"
"NER-0819","Zhang Youxia","PERSON","","","","CN","CMC Vice Chairman","Wikipedia","low","Reports of investigation circulated - verify","EXISTING","NEW","UNVERIFIED"
"NER-0820","Li Shangfu","PERSON","","","","CN","Former PRC defence minister removed 2023","Wikipedia","medium","Historical","EXISTING","NEW","UNVERIFIED"
"NER-0821","Wei Fenghe","PERSON","","","","CN","Former PRC defence minister","Wikipedia","high","Historical","EXISTING","NEW","UNVERIFIED"
"NER-0822","Mao Zedong","PERSON","","","","CN","Founder of PRC and PLA leader","Wikipedia","high","Historical","EXISTING","NEW","UNVERIFIED"
"NER-0823","Lloyd Austin","PERSON","","","","US","US Secretary of Defense until January 2025","Wikipedia","high","Historical","EXISTING","NEW","UNVERIFIED"
"NER-0824","Pete Hegseth","PERSON","","","","US","US Secretary of Defense from January 2025","Wikipedia","medium","Verify current office","EXISTING","NEW","UNVERIFIED"
"NER-0825","Vladimir Putin","PERSON","","","","RU","President of Russia","Wikipedia","medium","Verify current office","EXISTING","NEW","UNVERIFIED"
"NER-0826","Sergei Shoigu","PERSON","","","","RU","Secretary of Russian Security Council","Wikipedia","medium","Verify current office","EXISTING","NEW","UNVERIFIED"
"NER-0827","Valery Gerasimov","PERSON","","","","RU","Chief of Russian General Staff","Wikipedia","medium","Verify current office","EXISTING","NEW","UNVERIFIED"
"NER-0828","Yevgeny Prigozhin","PERSON","","","","RU","Wagner Group founder died 2023","Wikipedia","high","Historical","EXISTING","NEW","UNVERIFIED"
"NER-0829","Volodymyr Zelensky","PERSON","","","","UA","President of Ukraine","Wikipedia","medium","Verify current office","EXISTING","NEW","UNVERIFIED"
"NER-0830","Kim Jong Un","PERSON","","","","KP","Leader of North Korea","Wikipedia","medium","Verify current office","EXISTING","NEW","UNVERIFIED"
"NER-0831","Qasem Soleimani","PERSON","","","","IR","IRGC Quds Force commander killed January 2020","Wikipedia","high","Historical","EXISTING","NEW","UNVERIFIED"
"NER-0832","Benjamin Netanyahu","PERSON","","","","IL","Prime Minister of Israel","Wikipedia","medium","Verify current office","EXISTING","NEW","UNVERIFIED"
"NER-0833","Osama bin Laden","PERSON","","","","Global","Al-Qaeda founder killed 2011","Wikipedia;UN 1267 Sanctions List","high","Historical","EXISTING","NEW","UNVERIFIED"
"NER-0834","Ayman al-Zawahiri","PERSON","","","","Global","Al-Qaeda leader killed 2022","Wikipedia","high","Historical","EXISTING","NEW","UNVERIFIED"
"NER-0835","Hafiz Saeed","PERSON","","Hafiz Muhammad Saeed","","PK","LeT founder and UN-listed individual","Wikipedia;UN 1267 Sanctions List","high","Sensitive - public designation sources only","EXISTING","NEW","UNVERIFIED"
"NER-0836","Masood Azhar","PERSON","","","","PK","JeM founder and UN-listed individual","Wikipedia;UN 1267 Sanctions List","high","Sensitive - public designation sources only","EXISTING","NEW","UNVERIFIED"
"NER-0837","Field Marshal","RANK_ROLE","RANK","","FM","Global","Highest army rank","Wikipedia","high","In India honorary only","EXISTING","02_ENTITIES","UNVERIFIED"
"NER-0838","General","RANK_ROLE","RANK","","Gen","Global","Army 4-star rank","Wikipedia","high","Adjective use in general news - tag only before a name or title context","EXISTING","02_ENTITIES","UNVERIFIED"
"NER-0839","Lieutenant General","RANK_ROLE","RANK","Lt Gen","Lt Gen","Global","Army 3-star rank","Wikipedia","high","","EXISTING","NEW","UNVERIFIED"
"NER-0840","Major General","RANK_ROLE","RANK","Maj Gen","Maj Gen","Global","Army 2-star rank","Wikipedia","high","","EXISTING","NEW","UNVERIFIED"
"NER-0841","Brigadier","RANK_ROLE","RANK","Brig","Brig","Global","Army rank below Major General","Wikipedia","high","","EXISTING","NEW","UNVERIFIED"
"NER-0842","Colonel","RANK_ROLE","RANK","Col","Col","Global","Army rank","Wikipedia","high","","EXISTING","NEW","UNVERIFIED"
"NER-0843","Lieutenant Colonel","RANK_ROLE","RANK","Lt Col","Lt Col","Global","Army rank","Wikipedia","high","","EXISTING","NEW","UNVERIFIED"
"NER-0844","Major","RANK_ROLE","RANK","Maj","Maj","Global","Army rank","Wikipedia","high","Major also adjective - tag before names only","EXISTING","NEW","UNVERIFIED"
"NER-0845","Captain","RANK_ROLE","RANK","Capt","Capt","Global","Army or Navy rank","Wikipedia","high","Army Captain vs Navy Captain differ in seniority","EXISTING","NEW","UNVERIFIED"
"NER-0846","Subedar Major","RANK_ROLE","RANK","","","IN;PK","Junior commissioned officer rank","Wikipedia","high","","EXISTING","NEW","UNVERIFIED"
"NER-0847","Havildar","RANK_ROLE","RANK","","Hav","IN;PK","Non-commissioned officer rank","Wikipedia","high","","EXISTING","NEW","UNVERIFIED"
"NER-0848","Sepoy","RANK_ROLE","RANK","","","IN;PK","Private rank","Wikipedia","high","","EXISTING","NEW","UNVERIFIED"
"NER-0849","Admiral","RANK_ROLE","RANK","Adm","Adm","Global","Naval 4-star rank","Wikipedia","high","","EXISTING","NEW","UNVERIFIED"
"NER-0850","Vice Admiral","RANK_ROLE","RANK","VAdm","VAdm","Global","Naval 3-star rank","Wikipedia","high","","EXISTING","NEW","UNVERIFIED"
"NER-0851","Rear Admiral","RANK_ROLE","RANK","RAdm","RAdm","Global","Naval 2-star rank","Wikipedia","high","","EXISTING","NEW","UNVERIFIED"
"NER-0852","Commodore","RANK_ROLE","RANK","Cdre","Cdre","Global","Naval rank","Wikipedia","high","","EXISTING","NEW","UNVERIFIED"
"NER-0853","Air Chief Marshal","RANK_ROLE","RANK","ACM","ACM","IN;PK;GB","Air force 4-star rank","Wikipedia","high","","EXISTING","02_ENTITIES","UNVERIFIED"
"NER-0854","Air Marshal","RANK_ROLE","RANK","","","IN;PK;GB","Air force 3-star rank","Wikipedia","high","","EXISTING","NEW","UNVERIFIED"
"NER-0855","Air Vice Marshal","RANK_ROLE","RANK","AVM","AVM","IN;PK;GB","Air force 2-star rank","Wikipedia","high","","EXISTING","NEW","UNVERIFIED"
"NER-0856","Group Captain","RANK_ROLE","RANK","","Gp Capt","IN;PK;GB","Air force rank","Wikipedia","high","","EXISTING","NEW","UNVERIFIED"
"NER-0857","Wing Commander","RANK_ROLE","RANK","","Wg Cdr","IN;PK;GB","Air force rank","Wikipedia","high","","EXISTING","NEW","UNVERIFIED"
"NER-0858","Squadron Leader","RANK_ROLE","RANK","","Sqn Ldr","IN;PK;GB","Air force rank","Wikipedia","high","","EXISTING","NEW","UNVERIFIED"
"NER-0859","Chief of Defence Staff","RANK_ROLE","APPOINTMENT","","CDS","IN","Head of Indian armed forces tri-service post","Wikipedia;Ministry of Defence India","high","Generic across countries - add country","EXISTING","02_ENTITIES","UNVERIFIED"
"NER-0860","Chief of the Army Staff","RANK_ROLE","APPOINTMENT","","COAS","IN;PK","Army chief appointment","Wikipedia","high","","EXISTING","NEW","UNVERIFIED"
"NER-0861","Chief of the Naval Staff","RANK_ROLE","APPOINTMENT","","CNS","IN;PK","Navy chief appointment","Wikipedia","high","CNS also Central Nervous System","EXISTING","NEW","UNVERIFIED"
"NER-0862","Chief of the Air Staff","RANK_ROLE","APPOINTMENT","","CAS","IN;PK","Air force chief appointment","Wikipedia","high","","EXISTING","NEW","UNVERIFIED"
"NER-0863","Corps Commander","RANK_ROLE","APPOINTMENT","","","IN;PK","Commander of an army corps","Wikipedia","high","","EXISTING","02_ENTITIES","UNVERIFIED"
"NER-0864","General Officer Commanding","RANK_ROLE","APPOINTMENT","","GOC","IN;PK;GB","Division or equivalent commander","Wikipedia","high","","EXISTING","NEW","UNVERIFIED"
"NER-0865","Director General of Military Operations","RANK_ROLE","APPOINTMENT","","DGMO","IN;PK","Army operations head","Wikipedia","high","","EXISTING","NEW","UNVERIFIED"
"NER-0866","Director General ISPR","RANK_ROLE","APPOINTMENT","DG ISPR","DG ISPR","PK","Head of Pakistan military media wing","Wikipedia;ISPR Pakistan","high","","EXISTING","NEW","UNVERIFIED"
"NER-0867","Chairman Joint Chiefs of Staff Committee","RANK_ROLE","APPOINTMENT","CJCSC","CJCSC","PK","Senior-most Pakistan military post","Wikipedia","medium","Role may have changed after 2025 amendments - verify","EXISTING","NEW","UNVERIFIED"
"NER-0868","Chief of Defence Forces","RANK_ROLE","APPOINTMENT","CDF","CDF","PK","Pakistan post reportedly created 2025","Wikipedia","low","Verify existence and incumbent","EXISTING","NEW","UNVERIFIED"
"NER-0869","Defence Secretary","RANK_ROLE","APPOINTMENT","","","IN;PK","Civil head of defence ministry","Wikipedia","high","","EXISTING","NEW","UNVERIFIED"
"NER-0870","National Security Adviser","RANK_ROLE","APPOINTMENT","","NSA","IN;PK;US","Head adviser on national security","Wikipedia","high","NSA also National Security Agency (US)","EXISTING","NEW","UNVERIFIED"
"NER-0871","Raksha Mantri","RANK_ROLE","APPOINTMENT","Defence Minister","","IN","Indian Defence Minister title","Wikipedia;Ministry of Defence India","high","","EXISTING","NEW","UNVERIFIED"
"NER-0872","Secretary of Defense","RANK_ROLE","APPOINTMENT","Defense Secretary","SecDef","US","US defence ministry head","Wikipedia","high","Title Secretary of War may be used from 2025 - verify","EXISTING","NEW","UNVERIFIED"
"NER-0873","Chairman of the Joint Chiefs of Staff","RANK_ROLE","APPOINTMENT","CJCS","CJCS","US","Senior US military adviser","Wikipedia","high","","EXISTING","NEW","UNVERIFIED"
"NER-0874","Political Commissar","RANK_ROLE","APPOINTMENT","","","CN;RU","Party political officer in PLA units","Wikipedia;DoD China Military Power Report","high","","EXISTING","NEW","UNVERIFIED"
"NER-0875","Commander-in-Chief","RANK_ROLE","APPOINTMENT","C-in-C","C-in-C","Global","Supreme or service commander","Wikipedia","high","Generic","EXISTING","NEW","UNVERIFIED"
"NER-0876","APT36","CYBER_ACTOR","APT","Transparent Tribe;Mythic Leopard;ProjectM;Earth Karkaddan;Operation C-Major","APT36","PK","Threat group targeting Indian government and military","MITRE ATT&CK Groups;ETDA Threat Group Cards","high","Vendor naming varies - note source (02)","EXISTING","02_ENTITIES","UNVERIFIED"
"NER-0877","SideWinder","CYBER_ACTOR","APT","Rattlesnake;T-APT-04;APT-C-17","","IN","Threat group targeting South Asia and China","MITRE ATT&CK Groups;ETDA Threat Group Cards","high","Attribution varies by vendor (02)","EXISTING","02_ENTITIES","UNVERIFIED"
"NER-0878","Patchwork","CYBER_ACTOR","APT","Dropping Elephant;Chinastrats;Monsoon;APT-C-09","","IN","Threat group targeting Pakistan and China","MITRE ATT&CK Groups;ETDA Threat Group Cards","high","Patchwork common word","EXISTING","NEW","UNVERIFIED"
"NER-0879","Bitter","CYBER_ACTOR","APT","T-APT-17;APT-C-08","","IN","Threat group targeting China Pakistan and others","MITRE ATT&CK Groups;ETDA Threat Group Cards","medium","Bitter common word - need APT cue","EXISTING","NEW","UNVERIFIED"
"NER-0880","Donot Team","CYBER_ACTOR","APT","APT-C-35;Viceroy Tiger","","IN","Threat group targeting South Asia","MITRE ATT&CK Groups;ETDA Threat Group Cards","medium","","EXISTING","NEW","UNVERIFIED"
"NER-0881","SideCopy","CYBER_ACTOR","APT","","","PK","Threat group mimicking SideWinder targeting India","MITRE ATT&CK Groups;ETDA Threat Group Cards","medium","","EXISTING","NEW","UNVERIFIED"
"NER-0882","Confucius","CYBER_ACTOR","APT","","","IN","Threat group targeting South Asia","MITRE ATT&CK Groups;ETDA Threat Group Cards","medium","Confucius is also a person","EXISTING","NEW","UNVERIFIED"
"NER-0883","APT41","CYBER_ACTOR","APT","Winnti;Wicked Panda;Barium","APT41","CN","Chinese espionage and criminal group","MITRE ATT&CK Groups;ETDA Threat Group Cards","high","","EXISTING","NEW","UNVERIFIED"
"NER-0884","APT1","CYBER_ACTOR","APT","Comment Crew;Comment Panda","APT1","CN","Chinese PLA Unit 61398 linked group","MITRE ATT&CK Groups;ETDA Threat Group Cards","high","","EXISTING","NEW","UNVERIFIED"
"NER-0885","APT10","CYBER_ACTOR","APT","Stone Panda;menuPass;Cloud Hopper","APT10","CN","Chinese espionage group","MITRE ATT&CK Groups;ETDA Threat Group Cards","high","","EXISTING","NEW","UNVERIFIED"
"NER-0886","APT40","CYBER_ACTOR","APT","Leviathan;TEMP.Periscope","APT40","CN","Chinese espionage group","MITRE ATT&CK Groups;ETDA Threat Group Cards","high","","EXISTING","NEW","UNVERIFIED"
"NER-0887","APT31","CYBER_ACTOR","APT","Zirconium;Judgment Panda","APT31","CN","Chinese espionage group","MITRE ATT&CK Groups;ETDA Threat Group Cards","high","","EXISTING","NEW","UNVERIFIED"
"NER-0888","Volt Typhoon","CYBER_ACTOR","APT","Bronze Silhouette;Vanguard Panda","","CN","Chinese group pre-positioning in critical infrastructure","MITRE ATT&CK Groups;ETDA Threat Group Cards","high","Microsoft naming","EXISTING","NEW","UNVERIFIED"
"NER-0889","Salt Typhoon","CYBER_ACTOR","APT","Earth Estries;GhostEmperor","","CN","Chinese group targeting telecommunications","MITRE ATT&CK Groups;ETDA Threat Group Cards","medium","","EXISTING","NEW","UNVERIFIED"
"NER-0890","Mustang Panda","CYBER_ACTOR","APT","Bronze President;TA416;Earth Preta","","CN","Chinese espionage group","MITRE ATT&CK Groups;ETDA Threat Group Cards","high","","EXISTING","NEW","UNVERIFIED"
"NER-0891","APT27","CYBER_ACTOR","APT","Emissary Panda;LuckyMouse","APT27","CN","Chinese espionage group","MITRE ATT&CK Groups;ETDA Threat Group Cards","high","","EXISTING","NEW","UNVERIFIED"
"NER-0892","APT28","CYBER_ACTOR","APT","Fancy Bear;Sofacy;Strontium;Forest Blizzard","APT28","RU","Russian GRU-linked group","MITRE ATT&CK Groups;ETDA Threat Group Cards","high","","EXISTING","NEW","UNVERIFIED"
"NER-0893","APT29","CYBER_ACTOR","APT","Cozy Bear;Midnight Blizzard;Nobelium","APT29","RU","Russian SVR-linked group","MITRE ATT&CK Groups;ETDA Threat Group Cards","high","","EXISTING","NEW","UNVERIFIED"
"NER-0894","Sandworm","CYBER_ACTOR","APT","Voodoo Bear;APT44;Seashell Blizzard","","RU","Russian GRU-linked destructive attack group","MITRE ATT&CK Groups;ETDA Threat Group Cards","high","Sandworm also novel creature","EXISTING","NEW","UNVERIFIED"
"NER-0895","Turla","CYBER_ACTOR","APT","Snake;Venomous Bear;Secret Blizzard","","RU","Russian espionage group","MITRE ATT&CK Groups;ETDA Threat Group Cards","high","","EXISTING","NEW","UNVERIFIED"
"NER-0896","Gamaredon","CYBER_ACTOR","APT","Primitive Bear","","RU","Russian group targeting Ukraine","MITRE ATT&CK Groups;ETDA Threat Group Cards","high","","EXISTING","NEW","UNVERIFIED"
"NER-0897","Lazarus Group","CYBER_ACTOR","APT","Hidden Cobra;Diamond Sleet;Zinc","","KP","North Korean state-linked group","MITRE ATT&CK Groups;ETDA Threat Group Cards","high","","EXISTING","NEW","UNVERIFIED"
"NER-0898","Kimsuky","CYBER_ACTOR","APT","APT43;Velvet Chollima;Thallium","","KP","North Korean espionage group","MITRE ATT&CK Groups;ETDA Threat Group Cards","high","","EXISTING","NEW","UNVERIFIED"
"NER-0899","APT33","CYBER_ACTOR","APT","Elfin;Refined Kitten","APT33","IR","Iranian espionage group","MITRE ATT&CK Groups;ETDA Threat Group Cards","high","","EXISTING","NEW","UNVERIFIED"
"NER-0900","APT34","CYBER_ACTOR","APT","OilRig;Helix Kitten","APT34","IR","Iranian espionage group","MITRE ATT&CK Groups;ETDA Threat Group Cards","high","","EXISTING","NEW","UNVERIFIED"
"NER-0901","APT35","CYBER_ACTOR","APT","Charming Kitten;Phosphorus","APT35","IR","Iranian espionage group","MITRE ATT&CK Groups;ETDA Threat Group Cards","high","","EXISTING","NEW","UNVERIFIED"
"NER-0902","Equation Group","CYBER_ACTOR","APT","","","US","Group attributed by researchers to US intelligence","MITRE ATT&CK Groups;ETDA Threat Group Cards","medium","Attribution is vendor claim","EXISTING","NEW","UNVERIFIED"
"NER-0903","Stuxnet","CYBER_ACTOR","MALWARE_FAMILY","","","US;IL","Malware targeting Iranian centrifuges","Wikipedia;MITRE ATT&CK Groups","high","Attribution is unconfirmed","EXISTING","NEW","UNVERIFIED"
"NER-0904","NotPetya","CYBER_ACTOR","MALWARE_FAMILY","","","RU","Destructive malware 2017","Wikipedia","high","","EXISTING","NEW","UNVERIFIED"
"NER-0905","WannaCry","CYBER_ACTOR","MALWARE_FAMILY","WannaCrypt","","KP","Ransomware 2017","Wikipedia","high","","EXISTING","NEW","UNVERIFIED"
"NER-0906","PlugX","CYBER_ACTOR","MALWARE_FAMILY","","","CN","Remote access trojan used by Chinese groups","MITRE ATT&CK Groups;ETDA Threat Group Cards","high","","EXISTING","NEW","UNVERIFIED"
"NER-0907","ShadowPad","CYBER_ACTOR","MALWARE_FAMILY","","","CN","Modular backdoor used by Chinese groups","MITRE ATT&CK Groups;ETDA Threat Group Cards","high","","EXISTING","NEW","UNVERIFIED"
"NER-0908","Pegasus","CYBER_ACTOR","MALWARE_FAMILY","","","IL","Commercial spyware by NSO Group","Wikipedia","high","Pegasus also mythological horse and other products","EXISTING","NEW","UNVERIFIED"
"NER-0909","Ambala Air Force Station","MIL_FACILITY","AIRBASE","Ambala Air Force Base","","IN","IAF base in Haryana hosting Rafale","Wikipedia;Indian Air Force website","high","","EXISTING","02_ENTITIES","UNVERIFIED"
"NER-0910","Hasimara Air Force Station","MIL_FACILITY","AIRBASE","","","IN","IAF base in West Bengal","Wikipedia;Indian Air Force website","medium","","EXISTING","NEW","UNVERIFIED"
"NER-0911","Pathankot Air Force Station","MIL_FACILITY","AIRBASE","","","IN","IAF base in Punjab","Wikipedia;Indian Air Force website","high","","EXISTING","NEW","UNVERIFIED"
"NER-0912","Leh Air Force Station","MIL_FACILITY","AIRBASE","Kushok Bakula Rimpochee Airport","","IN","Air base in Ladakh","Wikipedia","medium","","EXISTING","NEW","UNVERIFIED"
"NER-0913","Thoise Air Force Station","MIL_FACILITY","AIRBASE","Nubra Valley airfield","","IN","Airfield in Ladakh","Wikipedia","low","Verify naming","EXISTING","NEW","UNVERIFIED"
"NER-0914","Daulat Beg Oldi","MIL_FACILITY","AIRBASE","DBO;DBO airstrip","DBO","IN","Advanced landing ground in Ladakh","Wikipedia","medium","Also a locality","EXISTING","NEW","UNVERIFIED"
"NER-0915","INS Kadamba","MIL_FACILITY","NAVAL_BASE","Karwar Naval Base","","IN","Indian naval base at Karwar","Wikipedia;Indian Navy website","high","INS prefix used for shore establishments - not vessels","EXISTING","NEW","UNVERIFIED"
"NER-0916","Visakhapatnam Naval Base","MIL_FACILITY","NAVAL_BASE","Eastern Naval Command base","","IN","Indian naval base","Wikipedia;Indian Navy website","high","","EXISTING","NEW","UNVERIFIED"
"NER-0917","Abdul Kalam Island","MIL_FACILITY","MISSILE_RANGE","Wheeler Island","","IN","Missile test range off Odisha","Wikipedia;DRDO","high","Renamed from Wheeler Island 1993","EXISTING","02_ENTITIES","UNVERIFIED"
"NER-0918","Chandipur Integrated Test Range","MIL_FACILITY","MISSILE_RANGE","ITR Chandipur","ITR","IN","Missile test range in Odisha","Wikipedia;DRDO","high","","EXISTING","NEW","UNVERIFIED"
"NER-0919","Pokhran Test Range","MIL_FACILITY","MISSILE_RANGE","Pokhran;Pokharan","","IN","Army test range in Rajasthan and nuclear test site","Wikipedia","high","Also a town","EXISTING","NEW","UNVERIFIED"
"NER-0920","Sriharikota","MIL_FACILITY","MISSILE_RANGE","Satish Dhawan Space Centre","SDSC","IN","Spaceport in Andhra Pradesh","Wikipedia;ISRO","high","Civil spaceport","EXISTING","NEW","UNVERIFIED"
"NER-0921","Gwadar Port","MIL_FACILITY","NAVAL_BASE","Gwadar","","PK;CN","Deep-sea port in Balochistan developed with Chinese funding","Wikipedia","high","Commercial port with strategic debate - military status unconfirmed","EXISTING","02_ENTITIES","UNVERIFIED"
"NER-0922","PNS Mehran","MIL_FACILITY","AIRBASE","Naval Air Station Mehran","","PK","Pakistan Navy air station in Karachi","Wikipedia","medium","INS/PNS prefix for shore establishment","EXISTING","NEW","UNVERIFIED"
"NER-0923","Nur Khan Air Base","MIL_FACILITY","AIRBASE","Chaklala;PAF Base Nur Khan","","PK","PAF base near Rawalpindi","Wikipedia","high","","EXISTING","NEW","UNVERIFIED"
"NER-0924","Sargodha Air Base","MIL_FACILITY","AIRBASE","PAF Base Mushaf","","PK","PAF base in Punjab","Wikipedia","medium","","EXISTING","NEW","UNVERIFIED"
"NER-0925","Kahuta","MIL_FACILITY","NUCLEAR_FACILITY","Khan Research Laboratories Kahuta","","PK","Uranium enrichment site","Wikipedia;Nuclear Notebook","high","Also a town","EXISTING","NEW","UNVERIFIED"
"NER-0926","Hotan Airbase","MIL_FACILITY","AIRBASE","Hotan Airport","","CN","PLAAF airbase in Xinjiang near LAC","Wikipedia","medium","","EXISTING","02_ENTITIES","UNVERIFIED"
"NER-0927","Lhasa Gonggar Airport","MIL_FACILITY","AIRBASE","Gonggar","","CN","Dual-use airfield in Tibet","Wikipedia","medium","","EXISTING","NEW","UNVERIFIED"
"NER-0928","Yulin Naval Base","MIL_FACILITY","NAVAL_BASE","Yulin","","CN","PLAN submarine base on Hainan","Wikipedia;DoD China Military Power Report","high","","EXISTING","NEW","UNVERIFIED"
"NER-0929","Djibouti support base","MIL_FACILITY","NAVAL_BASE","PLA Support Base Djibouti","","CN","PLA overseas base in Djibouti","Wikipedia;DoD China Military Power Report","high","","EXISTING","NEW","UNVERIFIED"
"NER-0930","Ream Naval Base","MIL_FACILITY","NAVAL_BASE","","","KH;CN","Cambodian naval base with Chinese involvement","Wikipedia","medium","","EXISTING","NEW","UNVERIFIED"
"NER-0931","Diego Garcia","MIL_FACILITY","NAVAL_BASE","Naval Support Facility Diego Garcia","","GB;US","Joint UK-US base in Indian Ocean","Wikipedia","high","","EXISTING","NEW","UNVERIFIED"
"NER-0932","Bagram Airfield","MIL_FACILITY","AIRBASE","Bagram Air Base","","AF","Former US-operated base in Afghanistan","Wikipedia","high","","EXISTING","NEW","UNVERIFIED"
"NER-0933","Andersen Air Force Base","MIL_FACILITY","AIRBASE","","","US","US air base in Guam","Wikipedia","high","","EXISTING","NEW","UNVERIFIED"
"NER-0934","Kadena Air Base","MIL_FACILITY","AIRBASE","","","JP;US","US air base in Okinawa","Wikipedia","high","","EXISTING","NEW","UNVERIFIED"
"NER-0935","Ramstein Air Base","MIL_FACILITY","AIRBASE","","","DE;US","US air base in Germany","Wikipedia","high","","EXISTING","NEW","UNVERIFIED"
"NER-0936","Sevastopol Naval Base","MIL_FACILITY","NAVAL_BASE","Sevastopol","","RU;UA","Black Sea Fleet base in Crimea","Wikipedia","high","","EXISTING","NEW","UNVERIFIED"
"NER-0937","Ladakh","GPE","STATE_PROVINCE","Ladakh UT;Union Territory of Ladakh","","IN","Indian union territory","Wikipedia;Wikidata","high","Contested region - claims by Pakistan and China","EXISTING","02_ENTITIES","UNVERIFIED"
"NER-0938","Jammu and Kashmir","GPE","STATE_PROVINCE","J&K;Jammu & Kashmir","J&K","IN","Indian union territory","Wikipedia;Wikidata","high","Also used for the wider disputed region","EXISTING","NEW","UNVERIFIED"
"NER-0939","Aksai Chin","GPE","REGION","","","CN;IN","Region administered by China claimed by India","Wikipedia;Wikidata","high","Disputed - keep neutral","PROPOSED_SUBTYPE","NEW","UNVERIFIED"
"NER-0940","Arunachal Pradesh","GPE","STATE_PROVINCE","","","IN","Indian state claimed in part by China","Wikipedia;Wikidata","high","Disputed - keep neutral","EXISTING","NEW","UNVERIFIED"
"NER-0941","Xinjiang","GPE","STATE_PROVINCE","Xinjiang Uyghur Autonomous Region","XUAR","CN","PRC region","Wikipedia;Wikidata","high","","EXISTING","02_ENTITIES","UNVERIFIED"
"NER-0942","Tibet","GPE","STATE_PROVINCE","Xizang;Tibet Autonomous Region","TAR","CN","PRC region","Wikipedia;Wikidata","high","","EXISTING","NEW","UNVERIFIED"
"NER-0943","Rawalpindi","GPE","CITY","","","PK","City hosting Pakistan Army GHQ","Wikipedia;Wikidata","high","Metonym for Pakistan Army GHQ","EXISTING","02_ENTITIES","UNVERIFIED"
"NER-0944","Balochistan","GPE","STATE_PROVINCE","","","PK","Pakistani province","Wikipedia;Wikidata","high","","EXISTING","NEW","UNVERIFIED"
"NER-0945","Galwan Valley","LOC","MOUNTAIN_PASS","Galwan River valley","","IN;CN","Valley in eastern Ladakh","Wikipedia","high","See 2020 event row (Galwan Valley clash)","EXISTING","02_ENTITIES","UNVERIFIED"
"NER-0946","Siachen Glacier","LOC","REGION","Siachen","","IN;PK","Glacier in Karakoram","Wikipedia","high","","EXISTING","02_ENTITIES","UNVERIFIED"
"NER-0947","Line of Actual Control","LOC","BORDER_LINE","","LAC","IN;CN","De facto India-China boundary","Wikipedia","high","LAC also Los Angeles County etc.","EXISTING","02_ENTITIES","UNVERIFIED"
"NER-0948","Line of Control","LOC","BORDER_LINE","","LoC","IN;PK","De facto India-Pakistan boundary in Kashmir","Wikipedia","high","LoC also line of credit","EXISTING","02_ENTITIES","UNVERIFIED"
"NER-0949","Pangong Tso","LOC","REGION","Pangong Lake","","IN;CN","Lake in Ladakh","Wikipedia","high","","EXISTING","NEW","UNVERIFIED"
"NER-0950","Depsang Plains","LOC","REGION","Depsang","","IN;CN","Plateau in eastern Ladakh","Wikipedia","high","","EXISTING","NEW","UNVERIFIED"
"NER-0951","Doklam","LOC","REGION","Donglang","","BT;CN;IN","Plateau at India-Bhutan-China trijunction","Wikipedia","high","","EXISTING","NEW","UNVERIFIED"
"NER-0952","Siliguri Corridor","LOC","REGION","Chicken's Neck","","IN","Narrow land link to northeast India","Wikipedia","high","","EXISTING","NEW","UNVERIFIED"
"NER-0953","Strait of Malacca","LOC","SEA_STRAIT","Malacca Strait","","Global","Shipping strait","Wikipedia","high","","EXISTING","02_ENTITIES","UNVERIFIED"
"NER-0954","Strait of Hormuz","LOC","SEA_STRAIT","Hormuz","","IR;OM","Shipping strait","Wikipedia","high","","EXISTING","NEW","UNVERIFIED"
"NER-0955","Taiwan Strait","LOC","SEA_STRAIT","Formosa Strait","","CN;TW","Strait between China and Taiwan","Wikipedia","high","","EXISTING","NEW","UNVERIFIED"
"NER-0956","South China Sea","LOC","REGION","","SCS","Global","Disputed maritime region","Wikipedia","high","","EXISTING","NEW","UNVERIFIED"
"NER-0957","Bab-el-Mandeb","LOC","SEA_STRAIT","","","YE;DJ;ER","Strait at Red Sea entrance","Wikipedia","high","","EXISTING","NEW","UNVERIFIED"
"NER-0958","Hambantota Port","LOC","REGION","Hambantota","","LK;CN","Port leased to Chinese company","Wikipedia","high","","EXISTING","NEW","UNVERIFIED"
"NER-0959","Kashmir","LOC","REGION","","","IN;PK;CN","Disputed region","Wikipedia","high","Overlaps with J&K - tag by usage","EXISTING","NEW","UNVERIFIED"
"NER-0960","Khyber Pass","LOC","MOUNTAIN_PASS","","","AF;PK","Mountain pass","Wikipedia","high","","EXISTING","NEW","UNVERIFIED"
"NER-0961","United Nations","GOV_ORG","INTL_ORG","UN","UN","Global","Intergovernmental organisation","Wikipedia;UN Treaty Collection","high","Type INTL_ORG is PROPOSED","PROPOSED_SUBTYPE","NEW","UNVERIFIED"
"NER-0962","United Nations Security Council","GOV_ORG","INTL_ORG","UNSC","UNSC","Global","UN body for peace and security","Wikipedia;UN 1267 Sanctions List","high","PROPOSED type","PROPOSED_SUBTYPE","NEW","UNVERIFIED"
"NER-0963","International Atomic Energy Agency","GOV_ORG","INTL_ORG","","IAEA","Global","UN nuclear agency","Wikipedia;Nuclear Threat Initiative","high","PROPOSED type","PROPOSED_SUBTYPE","NEW","UNVERIFIED"
"NER-0964","Organisation for the Prohibition of Chemical Weapons","GOV_ORG","INTL_ORG","","OPCW","Global","CWC implementing body","Wikipedia","high","PROPOSED type","PROPOSED_SUBTYPE","NEW","UNVERIFIED"
"NER-0965","Shanghai Cooperation Organisation","GOV_ORG","INTL_ORG","","SCO","Global","Eurasian political and security group","Wikipedia","high","PROPOSED type","PROPOSED_SUBTYPE","NEW","UNVERIFIED"
"NER-0966","Collective Security Treaty Organization","GOV_ORG","INTL_ORG","","CSTO","Global","Russia-led military alliance","Wikipedia","high","PROPOSED type","PROPOSED_SUBTYPE","NEW","UNVERIFIED"
"NER-0967","Association of Southeast Asian Nations","GOV_ORG","INTL_ORG","","ASEAN","Global","Regional organisation","Wikipedia","high","PROPOSED type","PROPOSED_SUBTYPE","NEW","UNVERIFIED"
"NER-0968","BRICS","GOV_ORG","INTL_ORG","","","Global","Intergovernmental grouping","Wikipedia","high","PROPOSED type","PROPOSED_SUBTYPE","NEW","UNVERIFIED"
"NER-0969","Param Vir Chakra","MIL_AWARD","","PVC","PVC","IN","Highest Indian military gallantry award","Wikipedia;Ministry of Defence India","high","PROPOSED type","PROPOSED_TYPE","NEW","UNVERIFIED"
"NER-0970","Maha Vir Chakra","MIL_AWARD","","MVC","MVC","IN","Second highest Indian military gallantry award","Wikipedia;Ministry of Defence India","high","PROPOSED type","PROPOSED_TYPE","NEW","UNVERIFIED"
"NER-0971","Vir Chakra","MIL_AWARD","","","VrC","IN","Third highest Indian military gallantry award","Wikipedia;Ministry of Defence India","high","PROPOSED type","PROPOSED_TYPE","NEW","UNVERIFIED"
"NER-0972","Ashoka Chakra","MIL_AWARD","","","","IN","Highest Indian peacetime gallantry award","Wikipedia;Ministry of Defence India","high","PROPOSED type; Ashoka Chakra also national emblem element","PROPOSED_TYPE","NEW","UNVERIFIED"
"NER-0973","Nishan-e-Haider","MIL_AWARD","","","","PK","Highest Pakistani military award","Wikipedia","high","PROPOSED type","PROPOSED_TYPE","NEW","UNVERIFIED"
"NER-0974","Medal of Honor","MIL_AWARD","","","","US","Highest US military decoration","Wikipedia","high","PROPOSED type","PROPOSED_TYPE","NEW","UNVERIFIED"
"NER-0975","Victoria Cross","MIL_AWARD","","VC","VC","GB","Highest British military decoration","Wikipedia","high","PROPOSED type","PROPOSED_TYPE","NEW","UNVERIFIED"
"NER-0976","Armed Forces (Special Powers) Act","LAW_POLICY","","AFSPA","AFSPA","IN","Indian law granting special powers to armed forces","Wikipedia;Sansad","high","PROPOSED type","PROPOSED_TYPE","NEW","UNVERIFIED"
"NER-0977","Unlawful Activities (Prevention) Act","LAW_POLICY","","UAPA","UAPA","IN","Indian anti-terror law","Wikipedia;MHA India","high","PROPOSED type","PROPOSED_TYPE","NEW","UNVERIFIED"
"NER-0978","Official Secrets Act","LAW_POLICY","","","OSA","IN;GB","Law protecting state secrets","Wikipedia","high","Multiple countries","PROPOSED_TYPE","NEW","UNVERIFIED"
"NER-0979","Defence Acquisition Procedure 2020","LAW_POLICY","","DAP 2020;Defence Procurement Procedure","DAP","IN","Indian defence procurement rulebook","Wikipedia;Ministry of Defence India","high","PROPOSED type","PROPOSED_TYPE","NEW","UNVERIFIED"
"NER-0980","Agnipath scheme","LAW_POLICY","","Agniveer;Agnipath","","IN","Indian short-service recruitment scheme 2022","Wikipedia;Press Information Bureau","high","PROPOSED type","PROPOSED_TYPE","NEW","UNVERIFIED"
"NER-0981","Atmanirbhar Bharat in Defence","LAW_POLICY","","Make in India defence","","IN","Indian self-reliance policy for defence","Press Information Bureau","medium","PROPOSED type","PROPOSED_TYPE","NEW","UNVERIFIED"
"NER-0982","Military-Civil Fusion","LAW_POLICY","","","MCF","CN","PRC strategy integrating civilian and military sectors","Wikipedia;DoD China Military Power Report","high","PROPOSED type","PROPOSED_TYPE","NEW","UNVERIFIED"
"NER-0983","National Defence Authorization Act","LAW_POLICY","","NDAA","NDAA","US","Annual US defence policy law","Wikipedia;Congressional Research Service reports","high","PROPOSED type","PROPOSED_TYPE","NEW","UNVERIFIED"
"NER-0984","National Defence Academy","MIL_EDU","","","NDA","IN","Indian tri-service cadet training academy","Wikipedia;Ministry of Defence India","high","PROPOSED type; NDA also non-disclosure agreement and National Democratic Alliance","PROPOSED_TYPE","NEW","UNVERIFIED"
"NER-0985","Indian Military Academy","MIL_EDU","","","IMA","IN","Indian Army officer training academy","Wikipedia;Indian Army website","high","PROPOSED type","PROPOSED_TYPE","NEW","UNVERIFIED"
"NER-0986","Pakistan Military Academy","MIL_EDU","","PMA Kakul","PMA","PK","Pakistan Army officer training academy","Wikipedia","high","PROPOSED type","PROPOSED_TYPE","NEW","UNVERIFIED"
"NER-0987","National Defence University (Pakistan)","MIL_EDU","","","NDU","PK","Pakistan defence university","Wikipedia","medium","PROPOSED type","PROPOSED_TYPE","NEW","UNVERIFIED"
"NER-0988","National University of Defense Technology","MIL_EDU","","","NUDT","CN","PLA university","Wikipedia","high","PROPOSED type","PROPOSED_TYPE","NEW","UNVERIFIED"
"NER-0989","Military Balance","MIL_DOC","","The Military Balance","","Global","IISS annual military assessment","Wikipedia;IISS","high","PROPOSED type; PAY content","PROPOSED_TYPE","NEW","UNVERIFIED"
"NER-0990","Joint Doctrine Indian Armed Forces","MIL_DOC","","JDIAF","","IN","Indian tri-service doctrine document","Wikipedia;Ministry of Defence India","medium","PROPOSED type","PROPOSED_TYPE","NEW","UNVERIFIED"
"NER-0991","China's National Defense in the New Era","MIL_DOC","","","","CN","PRC defence white paper 2019","Wikipedia;MND PRC","high","PROPOSED type","PROPOSED_TYPE","NEW","UNVERIFIED"
"NER-0992","Military and Security Developments Involving the People's Republic of China","MIL_DOC","","China Military Power Report","CMPR","US","Annual US DoD report on PLA","Wikipedia;DoD China Military Power Report","high","PROPOSED type","PROPOSED_TYPE","NEW","UNVERIFIED"
